series_name,model,mode,MAE,RMSE,MAPE,SMAPE,MASE,QuantileLoss,WinklerScore,MSIS,PredictionIntervalCoverage,rank_score,forecast_actual_MAE,forecast_actual_RMSE,forecast_actual_SMAPE,selection_basis,selection_score
carbon,SARIMA,core,8.290534122544848,10.814912940829053,79.7205909958047,92.34932439180092,0.09663301770206664,4.145267061272424,292.28481006288155,3.406820695429666,1.0,1.25,8.086823543862266,8.157775651943187,161.08422798603624,forecast_actual,1.0
carbon,LSTM,core,11.510933032478938,14.178758824439937,146.71832321265384,138.7615042426623,0.1341694249191993,5.755466516239469,157.23341030216287,1.8326851679878624,0.5833333333333334,2.15,16.7481568771956,17.005718568360212,170.57376095574924,forecast_actual,3.0
carbon,TFT,core,11.582718791948503,14.649732112997704,87.96539666405093,146.68341542556033,0.13500614719342707,5.7913593959742515,172.97293965107204,2.01614237300187,1.0,3.0000000000000004,12.8195568771956,13.255728425362985,163.4065930407863,forecast_actual,2.0
carbon,Prophet,core,28.335906153818073,29.95016639941041,504.34633787402765,118.7431340432658,0.3302783729603048,14.167953076909036,302.8610526485743,3.5300955317547933,1.0,3.6,39.31379021052893,39.53198587580334,184.7671264466797,forecast_actual,4.0
carbon,TFT,macro,8.630335748067631,10.4782960392821,145.2470663603134,86.32010000678461,0.10059368609917768,4.315167874033816,122.95050142367728,1.4330895699763648,1.0,1.05,3.949005657774651,4.9883200201204065,134.31505335855886,forecast_actual,1.0
carbon,SARIMA,macro,8.857770895628553,11.545885629241301,81.68301719320831,107.9518308361369,0.10324463045517057,4.4288854478142765,291.5565456052136,3.398332172110253,1.0,2.25,8.519956877195598,8.576858202855606,162.96953440082103,forecast_actual,2.0
carbon,LSTM,macro,15.082948224662752,17.495697308247557,196.32749607473949,136.26890179366634,0.17580421010869626,7.541474112331376,413.2264964209799,4.8164958678626455,0.25,3.3000000000000007,10.323890210528935,10.85215996615539,157.6421143472757,forecast_actual,3.0
carbon,Prophet,macro,18.41239787718062,20.527364548004407,348.9965139473235,102.09329826304254,0.21461169373450872,9.20619893859031,290.6634694531406,3.3879226324669767,1.0,3.4,42.42152354386227,42.49720213198346,186.34003581495452,forecast_actual,4.0
electricity,LSTM,core,4.646280538052202,4.906022739573169,86.61648468492712,108.28929427684271,0.3027671445327751,2.323140269026101,75.19327655809457,4.899844821057975,0.3333333333333333,1.5999999999999999,0.6371126030972393,0.733951658820318,11.973822162867691,forecast_actual,1.0
electricity,TFT,core,5.6924334926080915,6.800567718788407,107.67428582041507,146.16197505684943,0.37093796207195784,2.8462167463040458,38.20456775457554,2.4895371238196664,1.0,2.05,0.8267459364305729,0.9494557614423178,15.785663656116403,forecast_actual,2.0
electricity,Prophet,core,6.623853216908276,9.300998599616117,116.07128394469291,88.90961395101988,0.4316323794620218,3.311926608454138,61.555944758156194,4.011190773094641,1.0,2.65,1.50318502591251,1.53347709750285,24.428633458662752,forecast_actual,3.0
electricity,SARIMA,core,10.106852304164228,11.34427218741004,231.99836655676881,155.56415062095238,0.6585962227819145,5.053426152082114,51.84937239497528,3.378678127004389,1.0,3.7,1.6708149740874905,1.692217858036028,36.52915266852251,forecast_actual,4.0
electricity,TFT,macro,3.66999469903925,4.912819793611097,58.30210663394724,71.47357852563943,0.23914910138946305,1.834997349519625,55.93849794813451,3.64513919349114,0.75,1.2999999999999998,0.788981640754157,1.0688272527137788,16.328609315499943,forecast_actual,1.0
electricity,LSTM,macro,4.835156947198053,5.287397531245664,79.29209104126674,133.28210508054684,0.3150749616347244,2.4175784735990264,109.74976356186431,7.151660829482082,0.16666666666666666,2.45,3.6165483074208233,3.7596473793974576,104.40325055487763,forecast_actual,3.0
electricity,Prophet,macro,7.769437197038364,10.215001629060048,128.42733174592055,109.34023868003626,0.5062824544297038,3.884718598519182,55.84027832892914,3.6387388753441057,0.9166666666666666,2.7000000000000006,5.614314974087491,6.261355378947909,149.60509415322315,forecast_actual,4.0
electricity,SARIMA,macro,10.12890495157795,11.244881747650568,231.8616255750857,157.41588123140605,0.6600332468772437,5.064452475788975,49.43357512773853,3.221256715537492,1.0,3.5499999999999994,1.419581640754157,1.4660386408313215,30.921221791276306,forecast_actual,2.0
gas,LSTM,core,9.045386828978858,10.037428828277397,170.42178387542342,126.06622344388046,0.3264871044085329,4.522693414489429,170.2515947818756,6.145115875331171,0.3333333333333333,1.5999999999999999,13.1188,13.13250257059433,200.0,forecast_actual,4.0
gas,Prophet,core,10.058253058549147,13.14279000669562,165.4757283042686,99.68039429887948,0.3630458241955255,5.029126529274573,116.87579357219369,4.218552521887301,1.0,1.9499999999999997,12.4118,12.412922374686792,200.0,forecast_actual,3.0
gas,TFT,core,12.447035830089378,14.43125835328468,171.5828262306991,156.7540359069236,0.4492673186309608,6.223517915044689,70.53949196488823,2.546075133490475,1.0,2.7499999999999996,3.8208,3.9312014423074277,187.15360006647555,forecast_actual,1.0
gas,SARIMA,core,18.017909121591988,20.247969565436993,334.97301058062857,156.92042151069109,0.6503442127824128,9.008954560795994,99.99796106330847,3.6093586014167696,1.0,3.7,6.3701333333333325,6.377105428536262,200.0,forecast_actual,2.0
gas,Prophet,macro,10.40314106187901,14.420317146941384,127.27687021857854,114.0675521081072,0.3754943228259726,5.201570530939505,94.21263243498943,3.4005410872933957,1.0,1.3000000000000003,24.117566666666665,26.219007721943512,200.0,forecast_actual,4.0
gas,LSTM,macro,10.883485536773998,12.37265419607958,110.2938373492874,142.2639133934218,0.39283203095191754,5.441742768386999,292.9626554697752,10.57428840718351,0.25,2.05,10.806933333333333,10.829559471188105,200.0,forecast_actual,3.0
gas,TFT,macro,14.369609688360166,15.758921689037841,219.88904644286896,163.66602281252094,0.5186613184527719,7.184804844180083,112.78463295688134,4.070884853470477,1.0,2.9499999999999997,0.7220666666666666,0.7567263089563272,27.082901746502703,forecast_actual,1.0
gas,SARIMA,macro,17.52159705874449,19.131487364100455,310.7365883688111,164.60306559639648,0.6324301653960726,8.760798529372245,98.23644934590781,3.545778030362213,1.0,3.7,7.3548,7.406925089851164,200.0,forecast_actual,2.0
