wave,mode,observed,missing,n,pct_missing,pct_of_wave
a,mode not recorded,26037,3335,29372,11.354351082663761,100.0
b,mode not recorded,27115,2409,29524,8.15946348733234,100.0
c,CAPI (face-to-face),24588,2097,26685,7.858347386172007,98.42142145834102
c,CATI (telephone),299,122,421,28.978622327790973,1.5527606683140929
c,mode missing/other,0,<10,<10,<10,<10
d,CAPI (face-to-face),23019,1801,24820,7.25624496373892,97.96723899743438
d,CATI (telephone),358,140,498,28.11244979919679,1.965660153937241
d,mode missing/other,<10,<10,17,<10,0.06710084862837971
e,CAPI (face-to-face),21796,1576,23372,6.743111415368817,98.18105440033607
e,CATI (telephone),287,116,403,28.78411910669975,1.6929216551144717
e,mode missing/other,18,12,30,40.0,0.1260239445494644
f,CAPI (face-to-face),20245,2799,23044,12.146328762367645,97.5035965134975
f,CATI (telephone),448,94,542,17.343173431734318,2.2933062537022932
f,mode missing/other,42,<10,48,<10,0.2030972328002031
g,CAPI (face-to-face),18771,2160,20931,10.319621613874158,93.65938786468588
g,CATI (telephone),257,59,316,18.670886075949365,1.4139967782351888
g,CAWI (web),878,223,1101,20.254314259763852,4.9266153570789335
h,CAPI (face-to-face),13181,1376,14557,9.452497080442399,68.97090874632806
h,CATI (telephone),178,37,215,17.209302325581394,1.0186676774376955
h,CAWI (web),5574,760,6334,11.998736975055257,30.010423576234246
i,CAPI (face-to-face),8396,1122,9518,11.788190796385795,48.87793354901659
i,CATI (telephone),55,31,86,36.04651162790697,0.4416371386021671
i,CAWI (web),8688,1181,9869,11.966764616475833,50.68042931238124
j,CAPI (face-to-face),7024,907,7931,11.436136678855126,42.5596994902066
j,CATI (telephone),54,21,75,28.0,0.4024684733029246
j,CAWI (web),9220,1409,10629,13.256185906482266,57.03783203649048
k,CAPI (face-to-face),3869,493,4362,11.30215497478221,24.958516907936144
k,CATI (telephone),1244,300,1544,19.430051813471504,8.834468158150713
k,CAWI (web),9925,1646,11571,14.22521821795869,66.20701493391314
l,CAPI (face-to-face),405,58,463,12.526997840172786,2.875955028262625
l,CATI (telephone),2454,513,2967,17.290192113245702,18.429716131436734
l,CAWI (web),10713,1956,12669,15.439261188728391,78.69432884030064
m,CAPI (face-to-face),484,132,616,21.428571428571427,4.0062434963579605
m,CATI (telephone),1388,322,1710,18.830409356725145,11.121227887617065
m,CAWI (web),10771,2279,13050,17.46360153256705,84.87252861602498
n,CAPI (face-to-face),2610,628,3238,19.394688079061147,15.857779519075372
n,CATI (telephone),606,179,785,22.802547770700638,3.8444585924873893
n,CAWI (web),13467,2929,16396,17.86411319834106,80.29776188843724
o,CAPI (face-to-face),1688,322,2010,16.019900497512438,10.750962772785623
o,CATI (telephone),300,111,411,27.00729927007299,2.1983311938382544
o,CAWI (web),12888,3387,16275,20.8110599078341,87.05070603337613
