series,months_before_interview,correlation,n_months
gas,-6,-0.14621763678652816,180
gas,0,0.2600569333934031,180
gas,3,0.45430310903094684,180
gas,6,0.6035030000759201,180
gas,9,0.6581356125014377,180
gas,12,0.6548842004615514,180
gas,18,0.4427869025419043,180
electricity,-6,-0.26902983752435694,180
electricity,0,0.13556312326710454,180
electricity,3,0.32207562640740706,180
electricity,6,0.48067006449911576,180
electricity,9,0.5487229073454453,180
electricity,12,0.5644359861644392,180
electricity,18,0.39519832423590373,180
