date,model,mode,forecast,lower_bound,upper_bound,actual
2023-01-01,Prophet,macro,64.127,-75.2903,177.8885,0.9923703003986736
2023-02-01,Prophet,macro,62.9386,-75.2903,177.8885,15.382046040214162
2023-03-01,Prophet,macro,61.7178,-75.2903,177.8885,18.20382181915338
2023-04-01,Prophet,macro,59.3785,-75.2903,177.8885,3.7191968113434406
2023-05-01,Prophet,macro,59.7348,-75.2903,177.8885,-3.9449256287031034
2023-06-01,Prophet,macro,56.4151,-75.2903,177.8885,-0.6565427244417009
2023-07-01,Prophet,macro,54.857,-75.2903,177.8885,9.998645770208642
2023-08-01,Prophet,macro,53.3374,-75.2903,177.8885,7.229450825430189
2023-09-01,Prophet,macro,52.1948,-75.2903,177.8885,19.93347081325389
2023-10-01,Prophet,macro,51.1991,-75.2903,177.8885,-0.7027259436678996
2023-11-01,Prophet,macro,51.9031,-75.2903,177.8885,-18.515241501847875
2023-12-01,Prophet,macro,55.6171,-75.2903,177.8885,-1.8045984698638755
