label,term,OR,OR_ci_low,OR_ci_high,p,OR_per_sd,sd_in_sample,n
Current financial difficulty (1-5),finnow,1.648632514248326,1.6072557930931046,1.6910744255623966,0.0,1.5948140689335168,0.9336148387124976,221877
Bedrooms,hsbeds,1.3348047848135456,1.2851557943334113,1.3863718480025025,2.0330040819289506e-50,1.340689453595848,1.0152325982880686,221877
Tenure security,tenure_security,2.0335263641622485,1.7670183632479428,2.3402300506611606,4.047058249809654e-23,1.18595261530871,0.24028348242956052,221877
Rooms,hsrooms,1.1493890515114689,1.1058761621773532,1.1946140417145237,1.5386497755139956e-12,1.1580582090302067,1.0539687845227173,221877
No long-standing illness/disability,health_good,1.2530065695872852,1.1845162194786432,1.3254571255427237,3.7127651833098015e-15,1.0974908972434765,0.4124506985866788,221877
Age (mean of adults),dvage,1.0029251758553093,1.000621531688547,1.0052341235022377,0.012790763892753692,1.049997472171989,16.702954206683504,221877
Self-rated general health,sf1_good,1.0262411006759258,0.9179976637453309,1.1472477962740264,0.6487694619335698,1.006102184861971,0.23486507457214167,221877
"Psychological distress, GHQ-12 (0-36)",scghq1_dv,0.9909964230695886,0.9868074604086008,0.9952031677284627,2.854532283066551e-05,0.9559950036587828,4.975766304091182,221877
Financial expectations: worse off (0-1),finfut_risk,0.81814859722778,0.7618373414375242,0.878622103089281,3.458095277852763e-08,0.945659667881472,0.2783726370170744,221877
FES Delta (growth-only),fes_delta_growth3,0.971642727085017,0.9623423381071147,0.9810329980432866,4.56688749336612e-09,0.9316971011882352,2.459319815994217,221877
Bill-payment security,bill_security,0.586750164213776,0.5182387105647753,0.6643188711813947,3.892941949418344e-17,0.9311086586547469,0.13388065545784578,221877
Cars,ncars,0.8558778290069446,0.8236475178216838,0.8893693507666586,1.9192081471547403e-15,0.8483299009874229,1.0569182230822372,221877
Highest qualification band,qfhigh_band,0.5482342739784235,0.5090965255666758,0.5903808100636606,5.804453384115718e-57,0.8016848503176286,0.36775435600352346,221877
Employment-status security,jbstat_security,0.17415311904262315,0.15357013314700851,0.1974948399845473,2.441306894731861e-163,0.6300728144530312,0.2642833869632245,221877
OECD equivalence scale,ieqmoecd_dv,0.27520743971657247,0.2550596346936116,0.2969467707672832,1.3876736509808112e-242,0.4678759095117984,0.5886951061086152,221877
Has central heating,heatch,1.0872868461523242,1.013345282442142,1.166623762205521,0.019864597243472105,,,221877
Lone-parent household,lone_parent,1.4986091675934086,1.3789959450805451,1.6285975641964874,1.5446155912952717e-21,,,221877
Large family (3+ children),large_family,1.9632804801532953,1.737806658123,2.2180086753230395,2.2608064703154903e-27,,,221877
Workless household,workless_household,1.0463417278483935,0.9572511367235783,1.1437239084239519,0.3184163790117279,,,221877
