label,term,sd_in_sample,OR_per_sd,OR_per_sd_ci_low,OR_per_sd_ci_high,log_OR_per_sd,p,note,n
OECD equivalence scale,ieqmoecd_dv,0.5886951061086152,0.4678759095117984,0.44739681932690767,0.48929240719867323,-0.7595521688389453,1.3876736509808112e-242,"partly mechanical: outcome uses unequivalised income, so larger households have more income per fuel need",221877
Current financial difficulty (1-5),finnow,0.9336148387124976,1.5948140689335168,1.5574137829247348,1.6331124986526437,0.46675715824030045,0.0,,221877
Employment-status security,jbstat_security,0.2642833869632245,0.6300728144530312,0.6094728932165924,0.65136900415304,-0.4619198877783636,2.441306894731861e-163,,221877
Bedrooms,hsbeds,1.0152325982880686,1.340689453595848,1.290076482334739,1.3932881000436264,0.29318399925286187,2.0330040819289506e-50,,221877
Highest qualification band,qfhigh_band,0.36775435600352346,0.8016848503176286,0.7801434593722705,0.8238210440755798,-0.22103970305873266,5.804453384115718e-57,,221877
Tenure security,tenure_security,0.24028348242956052,1.18595261530871,1.1465894556672243,1.2266671377499345,0.17054634641203956,4.047058249809654e-23,,221877
Cars,ncars,1.0569182230822372,0.8483299009874229,0.8146021346719825,0.8834541308919097,-0.16448568466112942,1.9192081471547403e-15,,221877
Rooms,hsrooms,1.0539687845227173,1.1580582090302067,1.1118988554579459,1.2061338213626511,0.14674464475293045,1.5386497755139956e-12,,221877
No long-standing illness/disability,health_good,0.4124506985866788,1.0974908972434765,1.0723388531878553,1.1232328903793678,0.09302657184940054,3.7127651833098015e-15,,221877
Bill-payment security,bill_security,0.13388065545784578,0.9311086586547469,0.9157587335788714,0.9467158787922968,-0.07137929674871289,3.892941949418344e-17,,221877
FES Delta (growth-only),fes_delta_growth3,2.459319815994217,0.9316971011882352,0.9099177511678546,0.9539977511686414,-0.07074751584514637,4.56688749336612e-09,,221877
Financial expectations: worse off (0-1),finfut_risk,0.2783726370170744,0.945659667881472,0.9270724699784795,0.9646195269701572,-0.05587253376958723,3.458095277852763e-08,,221877
Age (mean of adults),dvage,16.702954206683504,1.049997472171989,1.0104322306821871,1.0911119599017791,0.04878775671128542,0.012790763892753692,,221877
"Psychological distress, GHQ-12 (0-36)",scghq1_dv,4.975766304091182,0.9559950036587828,0.9360561273529249,0.9763585967916804,-0.0450025922427373,2.854532283066551e-05,,221877
Self-rated general health,sf1_good,0.23486507457214167,1.006102184861971,0.980105404441637,1.0327885162113783,0.0060836419286286764,0.6487694619335698,,221877
