feature,mean_abs_shap,rank
n_E6A3,0.04562638365265462,1
n_E7D,0.02800282037738333,2
n_E5A1,0.01940656677679983,3
n_E7C,0.014674876055832325,4
preservation_score,0.012371019841749546,5
n_E5A4,0.00908519755604727,6
n_E7B,0.00819176132458228,7
H3,0.008075217333053013,8
H2,0.007140366881459776,9
n_E7E,0.006444443077215831,10
n_E7A,0.006008603675735454,11
S8,0.004120232439539116,12
risk_category,0.0035815120794888433,13
H1,0.0023844126264522653,14
n_E5A2,0.0018967386664512107,15
n_E2A,0.0006654555838371792,16
n_E6A1,0.0,17
n_E6A5,0.0,18
n_E6A4,0.0,19
n_E6A6,0.0,20
n_E6A7,0.0,21
n_E6A2,0.0,22
insecurity_score,0.0,23
n_E5A9,0.0,24
n_E5A5,0.0,25
n_E5A3,0.0,26
n_H9,0.0,27
n_E2B,0.0,28
high_cost_flag,0.0,29
low_income_flag,0.0,30
n_E6A8,0.0,31
