region,mean_predicted_probability,n,mean_predicted_probability_pct
North East,0.06997365439093485,706,6.997365439093485
North West,0.07371664979757085,1976,7.371664979757085
Yorkshire and the Humber,0.07327161172161173,1638,7.327161172161173
East Midlands,0.06715766270118964,1429,6.715766270118964
West Midlands,0.07112900810979414,1603,7.112900810979414
East of England,0.06921157407407408,1728,6.921157407407408
London,0.06615308911973757,1829,6.615308911973757
South East,0.06227552213868004,2394,6.2275522138680035
South West,0.061840762463343114,1705,6.184076246334311
Wales,0.07509949367088609,1185,7.509949367088609
Scotland,0.06741297093649085,1858,6.741297093649084
Northern Ireland,0.07743508771929825,1083,7.743508771929824
