date,forecast_gas_core,z_gas_core,pi_halfwidth_gas_core,z_unc_gas_core,forecast_electricity_core,z_electricity_core,pi_halfwidth_electricity_core,z_unc_electricity_core,forecast_carbon_core,z_carbon_core,pi_halfwidth_carbon_core,z_unc_carbon_core,z_unc_core,fes_core,forecast_gas_macro,z_gas_macro,pi_halfwidth_gas_macro,z_unc_gas_macro,forecast_electricity_macro,z_electricity_macro,pi_halfwidth_electricity_macro,z_unc_electricity_macro,forecast_carbon_macro,z_carbon_macro,pi_halfwidth_carbon_macro,z_unc_carbon_macro,z_unc_macro,fes_macro,actual_gas,z_gas_actual,actual_electricity,z_electricity_actual,actual_carbon,z_carbon_actual,real_vol_actual,z_real_vol_actual,fes_actual,rv_actual_A,z_rv_actual_A,fes_actual_A,rv_actual_B,z_rv_actual_B,fes_actual_B,rv_actual_C,z_rv_actual_C,fes_actual_C
2019-01-01,2.3343,-0.32849,30.60245,3.70739,5.3736,-0.15823,18.3034,3.9019,87.9098,0.48666,18.77505,-0.53339,2.35863,2.35857,2.3284,-0.32888,12.59815,0.93545,9.35,0.28581,7.31465,0.84449,99.1721,0.54753,23.97745,-0.48795,0.43066,0.93512,-1.8,-0.5994,3.78038,-0.33614,88.6407,0.49061,0.46439,-0.12198,-0.56691,0.0,-1.35975,-1.80468,0.46439,-0.12198,-0.56691,0.1488,-0.96314,-1.40807
2019-02-01,2.3783,-0.32561,30.41065,3.67786,5.3708,-0.15854,18.2817,3.89586,75.4255,0.41919,17.02115,-0.54871,2.34167,2.27671,0.0107,-0.48075,14.14235,1.1732,10.4357,0.40705,7.1226,0.79105,90.8521,0.50256,25.86675,-0.47145,0.4976,0.92646,-1.8,-0.5994,3.87039,-0.32609,76.80869,0.42666,0.43386,-0.20335,-0.70217,0.0127,-1.32589,-1.82472,0.43386,-0.20335,-0.70218,0.16683,-0.9151,-1.41393
2019-03-01,2.4202,-0.32286,30.2102,3.647,5.3675,-0.15891,18.25695,3.88897,61.5087,0.34398,16.3284,-0.55476,2.32707,2.18927,0.0539,-0.47792,13.4969,1.07383,11.057,0.47643,7.0444,0.76929,77.7581,0.43179,22.61675,-0.49984,0.44776,0.87807,-1.8,-0.5994,3.87039,-0.32609,48.57269,0.27406,0.36482,-0.38738,-1.03881,0.0357,-1.26459,-1.91602,0.36482,-0.38739,-1.03882,0.21786,-0.77907,-1.4305
2019-04-01,2.4572,-0.32044,30.01655,3.61718,5.3643,-0.15927,18.23585,3.8831,47.305,0.26721,13.2848,-0.58134,2.30631,2.09382,0.2034,-0.46812,14.06125,1.16071,11.2952,0.50303,7.1079,0.78696,67.7208,0.37755,26.9821,-0.46171,0.49532,0.90778,7.1,-0.01621,14.09456,0.81563,63.06158,0.35237,0.34033,-0.45265,0.69914,0.33332,-0.47134,0.68045,0.34033,-0.45265,0.69914,0.3852,-0.33306,0.81873
2019-05-01,2.4816,-0.31884,29.87355,3.59517,5.3614,-0.15959,18.219,3.87841,33.8532,0.19451,14.4835,-0.57087,2.3009,2.01699,-1.0073,-0.54746,13.90555,1.13674,11.23,0.49575,7.1171,0.78952,64.1417,0.35821,21.66885,-0.50812,0.47271,0.77921,7.0,-0.02276,13.99287,0.80428,45.41767,0.25701,0.34347,-0.44427,0.59425,0.33666,-0.46243,0.5761,0.34347,-0.44427,0.59426,0.34732,-0.43402,0.60451
2019-06-01,2.5003,-0.31761,29.74775,3.5758,5.3598,-0.15977,18.21315,3.87679,18.721,0.11273,10.7143,-0.60379,2.28293,1.91828,-0.6176,-0.52192,13.658,1.09863,10.6101,0.42653,7.08135,0.77958,56.8864,0.31899,18.28905,-0.53764,0.44686,0.67046,4.3,-0.19968,11.50828,0.52682,51.02197,0.2873,0.30228,-0.55407,0.06037,0.09442,-1.10808,-0.49364,0.30227,-0.55408,0.06036,0.20549,-0.81204,-0.1976
2019-07-01,2.4961,-0.31789,29.7376,3.57424,5.3554,-0.16026,18.19805,3.87258,4.3168,0.03489,10.83895,-0.60271,2.28137,1.83811,-2.0374,-0.61496,13.4223,1.06234,9.7162,0.32671,7.0623,0.77428,43.9785,0.24923,18.35965,-0.53702,0.4332,0.39418,3.2,-0.27176,9.59726,0.31342,41.81387,0.23754,0.25983,-0.66722,-0.38802,0.12684,-1.02167,-0.74247,0.25982,-0.66722,-0.38802,0.09337,-1.11087,-0.83167
2019-08-01,2.4824,-0.31879,29.7764,3.58021,5.3501,-0.16085,18.1811,3.86787,-8.8319,-0.03618,10.41875,-0.60638,2.28057,1.76475,-1.8788,-0.60456,13.66015,1.09896,8.7379,0.21746,7.03505,0.76669,30.7717,0.17786,15.1056,-0.56544,0.4334,0.22416,3.2,-0.27176,9.59726,0.31342,16.52952,0.10089,0.24186,-0.7151,-0.57255,0.08094,-1.14402,-1.00147,0.24186,-0.7151,-0.57255,0.04767,-1.23268,-1.09013
2019-09-01,2.4629,-0.32006,29.8489,3.59137,5.3446,-0.16147,18.1665,3.86381,-19.9291,-0.09615,11.455,-0.59733,2.28595,1.70827,-1.376,-0.57162,13.6839,1.10262,7.8222,0.1152,6.96075,0.74602,23.1588,0.13672,12.2583,-0.59031,0.41944,0.09975,2.0,-0.3504,7.65993,0.09708,4.48577,0.0358,0.19809,-0.83178,-1.04929,0.08553,-1.13177,-1.34929,0.19809,-0.83178,-1.0493,0.07275,-1.16585,-1.38337
2019-10-01,2.4326,-0.32205,29.98545,3.61239,5.3386,-0.16214,18.1448,3.85777,-28.9403,-0.14485,10.31805,-0.60726,2.28764,1.6586,-2.9382,-0.67398,13.19665,1.0276,6.3404,-0.05027,7.09425,0.78316,18.0128,0.1089,10.85725,-0.60255,0.40274,-0.2126,-9.0,-1.07119,3.30033,-0.38975,35.42382,0.203,0.52061,0.02785,-1.23009,0.24242,-0.71361,-1.97155,0.52061,0.02785,-1.23009,0.4207,-0.23844,-1.49638
2019-11-01,2.3922,-0.3247,30.18435,3.64302,5.3335,-0.16271,18.1276,3.85298,-36.4619,-0.1855,9.65945,-0.61301,2.29433,1.62143,-1.7628,-0.59696,13.23865,1.03406,4.6939,-0.23413,7.19725,0.81182,7.666,0.05299,9.42315,-0.61507,0.41027,-0.36783,-9.0,-1.07119,3.30033,-0.38975,13.34213,0.08366,0.47401,-0.09634,-1.47362,0.21264,-0.79298,-2.17026,0.47401,-0.09635,-1.47363,0.46061,-0.13206,-1.50934
2019-12-01,2.355,-0.32713,30.3735,3.67214,5.3294,-0.16316,18.11325,3.84899,-41.9782,-0.21531,12.47165,-0.58845,2.31089,1.60528,-2.0831,-0.61795,13.1544,1.02109,3.8991,-0.32288,7.0797,0.77912,1.6256,0.02034,9.1071,-0.61783,0.39413,-0.52637,-9.0,-1.07119,3.30033,-0.38975,-7.20066,-0.02736,0.43273,-0.20638,-1.69468,0.0384,-1.2574,-2.7457,0.43273,-0.20638,-1.69468,0.49774,-0.0331,-1.5214
