scenario_name,scenario_group,annual_mean_fes,stress_state,dominant_macro_signal,high_aev_prevalence_route1,high_aev_prevalence_route2_if_available,high_aev_prevalence_route3_if_available,route_agreement_note,interpretation,policy_implication,caution_note
equal_core,forecasted,-0.92916,low,gas,0.25025,0.2505,0.2505,Cross-route HighAEV agreement (mean Cohen's kappa across available route pairs): 0.501.,"Under this macro signal scenario (equal_core), the HighAEV group represents households with structurally high adaptive vulnerability observed under a low national energy-carbon stress context.","Under low macro stress (equal_core), the HighAEV group is the policy-relevant target for anticipatory support — whether that stress reading is itself high or low does not change who is already structurally vulnerable.",This scenario represents a macro-level signal-construction assumption. It is not used as a household-level predictor and does not simulate household behavioural response. HighAEV labels do not change across FES scenarios — only the macro-stress interpretation does.
equal_macro,forecasted,-0.47158,moderate_neutral,gas,0.25025,0.2505,0.2505,Cross-route HighAEV agreement (mean Cohen's kappa across available route pairs): 0.501.,"Under this macro signal scenario (equal_macro), the HighAEV group represents households with structurally high adaptive vulnerability observed under a moderate_neutral national energy-carbon stress context.","Under moderate_neutral macro stress (equal_macro), the HighAEV group is the policy-relevant target for anticipatory support — whether that stress reading is itself high or low does not change who is already structurally vulnerable.",This scenario represents a macro-level signal-construction assumption. It is not used as a household-level predictor and does not simulate household behavioural response. HighAEV labels do not change across FES scenarios — only the macro-stress interpretation does.
vw_core,forecasted,-0.32845,moderate_neutral,gas,0.25025,0.2505,0.2505,Cross-route HighAEV agreement (mean Cohen's kappa across available route pairs): 0.501.,"Under this macro signal scenario (vw_core), the HighAEV group represents households with structurally high adaptive vulnerability observed under a moderate_neutral national energy-carbon stress context.","Under moderate_neutral macro stress (vw_core), the HighAEV group is the policy-relevant target for anticipatory support — whether that stress reading is itself high or low does not change who is already structurally vulnerable.",This scenario represents a macro-level signal-construction assumption. It is not used as a household-level predictor and does not simulate household behavioural response. HighAEV labels do not change across FES scenarios — only the macro-stress interpretation does.
vw_macro,forecasted,-0.23325,moderate_neutral,gas,0.25025,0.2505,0.2505,Cross-route HighAEV agreement (mean Cohen's kappa across available route pairs): 0.501.,"Under this macro signal scenario (vw_macro), the HighAEV group represents households with structurally high adaptive vulnerability observed under a moderate_neutral national energy-carbon stress context.","Under moderate_neutral macro stress (vw_macro), the HighAEV group is the policy-relevant target for anticipatory support — whether that stress reading is itself high or low does not change who is already structurally vulnerable.",This scenario represents a macro-level signal-construction assumption. It is not used as a household-level predictor and does not simulate household behavioural response. HighAEV labels do not change across FES scenarios — only the macro-stress interpretation does.
bayesian_core,forecasted,-0.28121,moderate_neutral,gas,0.25025,0.2505,0.2505,Cross-route HighAEV agreement (mean Cohen's kappa across available route pairs): 0.501.,"Under this macro signal scenario (bayesian_core), the HighAEV group represents households with structurally high adaptive vulnerability observed under a moderate_neutral national energy-carbon stress context.","Under moderate_neutral macro stress (bayesian_core), the HighAEV group is the policy-relevant target for anticipatory support — whether that stress reading is itself high or low does not change who is already structurally vulnerable.",This scenario represents a macro-level signal-construction assumption. It is not used as a household-level predictor and does not simulate household behavioural response. HighAEV labels do not change across FES scenarios — only the macro-stress interpretation does.
bayesian_macro,forecasted,-0.19031,moderate_neutral,gas,0.25025,0.2505,0.2505,Cross-route HighAEV agreement (mean Cohen's kappa across available route pairs): 0.501.,"Under this macro signal scenario (bayesian_macro), the HighAEV group represents households with structurally high adaptive vulnerability observed under a moderate_neutral national energy-carbon stress context.","Under moderate_neutral macro stress (bayesian_macro), the HighAEV group is the policy-relevant target for anticipatory support — whether that stress reading is itself high or low does not change who is already structurally vulnerable.",This scenario represents a macro-level signal-construction assumption. It is not used as a household-level predictor and does not simulate household behavioural response. HighAEV labels do not change across FES scenarios — only the macro-stress interpretation does.
actual_A,actual,-1.69531,low,realised_volatility,0.25025,0.2505,0.2505,Cross-route HighAEV agreement (mean Cohen's kappa across available route pairs): 0.501.,"Under this macro signal scenario (actual_A), the HighAEV group represents households with structurally high adaptive vulnerability observed under a low national energy-carbon stress context.","Under low macro stress (actual_A), the HighAEV group is the policy-relevant target for anticipatory support — whether that stress reading is itself high or low does not change who is already structurally vulnerable.",This scenario represents a macro-level signal-construction assumption. It is not used as a household-level predictor and does not simulate household behavioural response. HighAEV labels do not change across FES scenarios — only the macro-stress interpretation does.
actual_B,actual,-0.82732,low,gas,0.25025,0.2505,0.2505,Cross-route HighAEV agreement (mean Cohen's kappa across available route pairs): 0.501.,"Under this macro signal scenario (actual_B), the HighAEV group represents households with structurally high adaptive vulnerability observed under a low national energy-carbon stress context.","Under low macro stress (actual_B), the HighAEV group is the policy-relevant target for anticipatory support — whether that stress reading is itself high or low does not change who is already structurally vulnerable.",This scenario represents a macro-level signal-construction assumption. It is not used as a household-level predictor and does not simulate household behavioural response. HighAEV labels do not change across FES scenarios — only the macro-stress interpretation does.
actual_C,actual,-1.33596,low,realised_volatility,0.25025,0.2505,0.2505,Cross-route HighAEV agreement (mean Cohen's kappa across available route pairs): 0.501.,"Under this macro signal scenario (actual_C), the HighAEV group represents households with structurally high adaptive vulnerability observed under a low national energy-carbon stress context.","Under low macro stress (actual_C), the HighAEV group is the policy-relevant target for anticipatory support — whether that stress reading is itself high or low does not change who is already structurally vulnerable.",This scenario represents a macro-level signal-construction assumption. It is not used as a household-level predictor and does not simulate household behavioural response. HighAEV labels do not change across FES scenarios — only the macro-stress interpretation does.
