date,forecast_gas_core,z_gas_core,pi_halfwidth_gas_core,z_unc_gas_core,forecast_electricity_core,z_electricity_core,pi_halfwidth_electricity_core,z_unc_electricity_core,forecast_carbon_core,z_carbon_core,pi_halfwidth_carbon_core,z_unc_carbon_core,z_unc_core,fes_core,forecast_gas_macro,z_gas_macro,pi_halfwidth_gas_macro,z_unc_gas_macro,forecast_electricity_macro,z_electricity_macro,pi_halfwidth_electricity_macro,z_unc_electricity_macro,forecast_carbon_macro,z_carbon_macro,pi_halfwidth_carbon_macro,z_unc_carbon_macro,z_unc_macro,fes_macro,actual_gas,z_gas_actual,actual_electricity,z_electricity_actual,actual_carbon,z_carbon_actual,real_vol_actual,z_real_vol_actual,fes_actual
2017-01-01,-5.0597,-0.8311,1.69065,-0.86174,0.5147,-0.63334,5.3189,0.18672,-42.2641,-0.14386,10.5052,-0.64504,-0.44002,-2.04832,-0.8919,-0.57568,6.0993,-0.20385,0.6095,-0.6235,2.83845,-0.46654,-7.4064,0.03171,58.1737,-0.25688,-0.30909,-1.47656,-5.3,-0.84582,-0.2002,-0.70753,-5.96938,0.03895,0.38861,-0.33427,-1.84868
2017-02-01,-4.9702,-0.82561,1.62105,-0.87213,0.6602,-0.61824,5.3052,0.18311,-37.6193,-0.12046,7.59855,-0.66871,-0.45257,-2.01689,-0.8064,-0.57044,7.6394,0.02598,1.6203,-0.5186,2.5901,-0.53194,-9.3503,0.02192,59.17565,-0.24872,-0.25156,-1.31868,-4.6,-0.80293,-0.2002,-0.70753,10.99591,0.12439,0.41648,-0.25718,-1.64324
2017-03-01,-4.8069,-0.81561,1.4776,-0.89353,0.9607,-0.58706,5.2951,0.18045,-33.9646,-0.10206,8.5943,-0.6606,-0.45789,-1.96261,-0.0501,-0.52409,8.4691,0.14979,2.8375,-0.39229,3.01585,-0.41982,-7.4535,0.03147,60.18595,-0.24049,-0.17017,-1.05507,-2.0,-0.64359,0.8008,-0.60365,-3.12525,0.05327,0.3195,-0.52542,-1.71939
2017-04-01,-4.7653,-0.81306,1.71255,-0.85847,1.2977,-0.55208,5.29165,0.17954,-27.5642,-0.06982,10.3611,-0.64621,-0.44171,-1.87667,-0.2981,-0.53928,8.9513,0.22175,3.745,-0.29811,3.26925,-0.35308,-15.0416,-0.00675,59.0814,-0.24949,-0.12694,-0.97108,-1.2,-0.59456,3.51053,-0.32244,-22.23335,-0.04297,0.22519,-0.78629,-1.74626
2017-05-01,-4.7715,-0.81344,1.7847,-0.84771,1.6371,-0.51686,5.29725,0.18102,-17.207,-0.01765,10.69845,-0.64346,-0.43672,-1.78467,0.4592,-0.49287,9.24155,0.26506,5.1631,-0.15094,3.34785,-0.33238,-4.4109,0.0468,62.25505,-0.22364,-0.09699,-0.69401,-0.7,-0.56392,7.72317,0.11474,-12.79081,0.00459,0.29738,-0.58663,-1.03122
2017-06-01,-4.6059,-0.80329,1.7182,-0.85763,1.9775,-0.48153,5.3224,0.18764,-5.2272,0.04268,10.2293,-0.64729,-0.43909,-1.68123,0.2729,-0.50429,9.4194,0.2916,6.0383,-0.06012,3.37525,-0.32516,-16.9529,-0.01637,60.092,-0.24126,-0.09161,-0.67239,-0.7,-0.56392,7.72317,0.11474,19.4947,0.1672,0.33297,-0.48816,-0.77014
2017-07-01,-4.6933,-0.80864,1.78885,-0.84709,2.317,-0.4463,5.35645,0.19661,-1.0459,0.06374,9.16535,-0.65595,-0.43548,-1.62668,-1.0628,-0.58615,9.5295,0.30803,6.8754,0.02676,3.1464,-0.38543,1.108,0.07459,64.452,-0.20575,-0.09439,-0.57919,-0.2,-0.53327,9.02708,0.25005,26.18408,0.20089,0.35824,-0.41829,-0.50061
2017-08-01,-4.5752,-0.80141,2.03825,-0.80987,2.6521,-0.41153,5.40705,0.20993,2.2136,0.08016,9.89065,-0.65004,-0.41666,-1.54943,-0.7635,-0.56781,9.59805,0.31826,7.7581,0.11836,3.45285,-0.30473,7.2119,0.10534,65.46045,-0.19754,-0.06134,-0.40545,-0.2,-0.53327,9.02708,0.25005,38.27884,0.26181,0.37206,-0.38004,-0.40145
2017-09-01,-4.4662,-0.79473,1.68645,-0.86237,2.9791,-0.37759,5.4587,0.22354,3.9353,0.08883,8.07465,-0.66483,-0.43455,-1.51804,-0.6107,-0.55844,9.6409,0.32465,7.9272,0.13591,3.72115,-0.23407,20.0143,0.16982,66.04995,-0.19274,-0.03405,-0.28677,-0.2,-0.53327,9.02708,0.25005,42.54259,0.28328,0.37734,-0.36545,-0.36539
2017-10-01,-4.4522,-0.79387,1.79305,-0.84646,3.2937,-0.34494,5.50645,0.23611,5.9777,0.09912,7.84325,-0.66671,-0.42569,-1.46538,-1.1553,-0.59182,9.66775,0.32866,7.9815,0.14154,3.66625,-0.24853,33.9345,0.23993,66.52905,-0.18884,-0.03623,-0.24658,-0.1,-0.52714,11.4343,0.49987,28.04526,0.21027,0.43236,-0.21328,-0.03029
2017-11-01,-4.4519,-0.79385,1.7983,-0.84568,3.5909,-0.3141,5.5478,0.247,8.6159,0.11241,7.40345,-0.6703,-0.42299,-1.41853,-2.5055,-0.67456,9.6846,0.33118,8.1424,0.15824,3.45125,-0.30515,30.2749,0.2215,66.6045,-0.18822,-0.05407,-0.34889,-0.1,-0.52714,11.4343,0.49987,55.39855,0.34804,0.45262,-0.15724,0.16351
2017-12-01,-4.4439,-0.79336,1.8854,-0.83268,3.8649,-0.28567,5.5812,0.2558,3.0529,0.08439,6.01145,-0.68163,-0.4195,-1.41414,-5.0278,-0.82914,9.69515,0.33275,7.8449,0.12737,3.42355,-0.31244,91.1907,0.52831,60.69725,-0.23633,-0.07201,-0.24547,-0.1,-0.52714,11.4343,0.49987,27.3825,0.20693,0.43198,-0.21433,-0.03468
