design,interview_year_t1,n,actual,P0,P3 = P0 + P1,A_naive,A_fut,A_sep_fut
A6 split,2022,5459,0.07199120718080235,0.06264454708104038,0.061780231338560754,0.05739525289003058,0.061382073772418264,0.06385732735744978
A6 split,2023,9506,0.1283399957921313,0.07781854795922956,0.0783490551216148,0.08835465469859294,0.09669436856017401,0.10870922583634006
A6 split,2024,4787,0.09713808230624608,0.1008691120952676,0.09533253193800725,0.10273760384684143,0.09385084559630344,0.1277547415288742
A6 split,2025,120,0.18333333333333332,0.12667823032259043,0.13907718463116564,0.11282891701513684,0.09893495312709515,0.14105091312668575
forward-chained,2014,8644,0.08433595557612217,0.09134896474841346,0.08889248892838608,0.09417402138288423,0.09225599699588428,0.08944486990150548
forward-chained,2015,14032,0.06927023945267959,0.08431477713059561,0.0808185456344463,0.08452955314717187,0.08108079999342062,0.08007568280410585
forward-chained,2016,14621,0.0572464263730251,0.0761359339008963,0.07211891999865883,0.07104290221142066,0.06774119871559388,0.06864684348591603
forward-chained,2017,13966,0.05713876557353573,0.07017656643002752,0.06774368628428279,0.0643314272642112,0.06216128201982895,0.060644244877167006
forward-chained,2018,12572,0.05909958638243716,0.06768629603433245,0.06607454769939375,0.06204487705296542,0.06184066521910344,0.06180208346386543
forward-chained,2019,12411,0.06026911610667956,0.06800842641528908,0.06732543711357754,0.06359613636897908,0.06379585992071352,0.0650656714082086
forward-chained,2020,11413,0.05520021028651538,0.06626550326896473,0.0644286298071919,0.061112874087170366,0.05838048270477067,0.06235586310963844
forward-chained,2021,10091,0.052621147557229214,0.06579052151779635,0.0649256631191493,0.057300922745626266,0.053759497157481934,0.05461055094240128
forward-chained,2022,9238,0.07718120805369127,0.06454111296431778,0.06459959940793293,0.058290419571622426,0.06223319649621732,0.06418075777384089
forward-chained,2023,9622,0.12897526501766785,0.07865533111035591,0.07963189377256506,0.08909392452957225,0.09731292492007111,0.11215417581867722
forward-chained,2024,4787,0.09713808230624608,0.10221669928830994,0.09702653397939577,0.10395304262661469,0.09472731348889962,0.12201199259140268
forward-chained,2025,120,0.18333333333333332,0.12807935836575035,0.14116698625001156,0.11418856582435206,0.09986885323077663,0.12779226480514883
