feature,mean_abs_shap,mean_shap,positive_share,rank
heating_gas_share,0.119401,-0.018241,0.374,1
S8,0.071711,0.003084,0.311,2
H3,0.058652,0.005043,0.8031,3
H2,0.026594,-0.001455,0.6142,4
has_insulation,0.022988,0.001989,0.3071,5
H1,0.017135,-0.000587,0.7362,6
S2,0.015968,0.000431,0.1181,7
S3,0.01146,-2.7e-05,0.4606,8
S6,0.009683,-0.001036,0.315,9
has_smart_meter,0.008349,0.000128,0.3071,10
risk_category,0.006716,-0.000214,0.4291,11
S5,0.004252,-0.000383,0.4882,12
low_income_flag,0.001276,0.00054,0.5079,13
high_cost_flag,0.000914,-3.2e-05,0.6299,14
