example_type,predicted_prob,actual_high_aev,shap_fcp_score,shap_aemc_score,shap_bli_score,shap_tcr_score,shap_risk_category,shap_low_income_flag,shap_high_cost_flag,shap_S8,shap_H1,shap_H2,shap_H3,shap_S2,shap_S3,shap_S5,shap_S6
highest_prob,0.998,1,1.43479,0.4514,4.12592,3.09956,-0.00516,-0.02786,-0.02159,-0.00988,0.01969,0.04819,-0.34625,0.06953,-0.02528,-0.00702,0.03124
highest_prob,0.9978,1,1.36207,0.45863,4.11082,3.06474,-0.00392,-0.02864,-0.02159,-0.02071,0.02162,0.05633,-0.35761,0.07404,-0.02106,0.00293,0.04134
highest_prob,0.9968,1,0.36068,1.00887,4.44487,2.11019,0.03599,-0.05415,0.00672,0.33639,0.01402,0.1005,0.0471,-0.00519,-0.01626,0.0204,-0.03783
highest_prob,0.9965,1,0.20911,1.05732,4.22116,2.78899,-0.01508,0.04778,0.00507,-0.02639,0.01453,-0.09742,0.03665,-0.00794,0.10416,0.00239,-0.03633
highest_prob,0.9964,1,1.82162,0.497,3.31174,2.56765,-0.03949,-0.00764,0.00495,-0.00926,0.02194,0.08397,0.0381,-0.0035,0.00704,0.00744,-0.04206
lowest_prob,0.0002,0,-1.39561,-0.69407,-2.18748,-1.38935,-0.03926,-0.02714,0.00296,-0.06319,-0.07178,0.0647,-0.20088,-0.0024,-0.02656,0.01692,0.0158
lowest_prob,0.0002,0,-1.39333,-0.59572,-2.28153,-1.40259,-0.09981,0.01935,0.00354,-0.02256,-0.06326,-0.03829,-0.01293,0.03032,-0.03082,-0.02957,-0.00858
lowest_prob,0.0002,0,-1.52578,-0.52702,-2.09199,-1.41573,-0.0259,-0.02018,-0.00239,-0.0417,-0.01,-0.09917,0.03486,-0.02654,-0.01451,-0.03002,-0.04056
lowest_prob,0.0002,0,-1.22101,-0.7515,-2.22924,-1.41114,-0.07636,0.01892,-0.00036,-0.0718,-0.05508,-0.09923,-0.00288,0.12748,-0.036,0.03461,-0.02669
lowest_prob,0.0002,0,-0.77475,-0.60814,-2.16541,-1.87246,-0.04689,-0.0057,-0.00036,-0.05131,0.01488,-0.11147,-0.0192,-0.02784,0.00414,-0.0124,-0.02564
