date,series,model,mode,forecast,lower_bound,upper_bound,actual
2019-01-01,gas,LSTM,core,6.4266,3.7581,8.7116,-1.8
2019-02-01,gas,LSTM,core,6.3956,2.8734,8.9704,-1.8
2019-03-01,gas,LSTM,core,6.1112,2.6586,8.5718,-1.8
2019-04-01,gas,LSTM,core,6.1549,2.6876,8.7092,7.1
2019-05-01,gas,LSTM,core,6.0439,2.5059,8.9227,7.0
2019-06-01,gas,LSTM,core,6.466,2.2369,9.4306,4.3
2019-07-01,gas,LSTM,core,6.0867,2.8129,8.8274,3.2
2019-08-01,gas,LSTM,core,6.4441,3.2796,9.3588,3.2
2019-09-01,gas,LSTM,core,6.3434,3.5347,9.4057,2.0
2019-10-01,gas,LSTM,core,6.3807,3.0182,9.432,-9.0
2019-11-01,gas,LSTM,core,6.3492,2.801,9.4099,-9.0
2019-12-01,gas,LSTM,core,6.0581,1.7595,8.9931,-9.0
