factor,item,Estimate,Est. Std,Std. Err,p-value,label
OBJECT,hsrooms,1.0,0.543854570600604,-,-,Rooms
OBJECT,hsbeds,1.229848733882454,0.6689248355010657,0.008702122779752068,0.0,Bedrooms
OBJECT,ncars,0.735839348209002,0.40021940443088444,0.006791506212398875,0.0,Cars
OBJECT,carval,0.5979750700740006,0.32522505871259605,0.006478630167702995,0.0,Car value (log)
OBJECT,hsval,0.938328856178178,0.5103003800303061,0.007369770541924057,0.0,House value (log)
CONDITION,tenure_security,1.0,0.5120252268414571,-,-,Tenure security
CONDITION,jbstat_security,-1.45028003631523,-0.7425880938952003,0.014125793067349186,0.0,Employment-status security
CONDITION,bill_security,-0.058221929967549546,-0.029811067277243277,0.006344950028098054,0.0,Bill-payment security
PERSONAL,sf1_good,1.0,0.7203044858706306,-,-,Self-rated general health
PERSONAL,health_good,0.9032642094483317,0.6506067914752093,0.007484319318917489,0.0,No long-standing illness/disability
PERSONAL,qfhigh_band,0.3580554837428501,0.25791015542541035,0.0047521081060525995,0.0,Highest qualification band
ENERGY,fihhmnnet1_dv,1.0,1.0,-,-,Net household income (log)
ENERGY,fiyrinvinc_dv,0.14109370857108774,0.1410911335699491,0.005845889841749361,0.0,Investment income (log)
