date,model,mode,forecast,lower_bound,upper_bound,actual,series
2026-01-01,SARIMA,core,3.8989,-6.3497,14.1474,5.282426778242688,
2026-02-01,SARIMA,core,3.6826,-11.1604,18.5256,5.282426778242688,
2026-03-01,SARIMA,core,3.6224,-14.9016,22.1465,5.651491365777095,
2026-04-01,SARIMA,core,-1.9659,-23.6788,19.7471,,
2026-05-01,SARIMA,core,-1.9899,-26.5605,22.5807,,
2026-06-01,SARIMA,core,-2.0581,-29.2351,25.1189,,
2026-07-01,SARIMA,core,-3.7861,-33.3757,25.8034,,
2026-08-01,SARIMA,core,-3.7568,-35.5989,28.0853,,
2026-09-01,SARIMA,core,-3.6216,-37.5818,30.3385,,
2026-10-01,SARIMA,core,-1.0731,-37.0364,34.8901,,
2026-11-01,SARIMA,core,-1.2556,-39.1225,36.6114,,
2026-12-01,SARIMA,core,-1.3104,-40.994,38.3733,,
2026-01-01,SARIMA,macro,3.9124,-5.8046,13.6294,5.282426778242688,
2026-02-01,SARIMA,macro,3.3917,-10.2884,17.0718,5.282426778242688,
2026-03-01,SARIMA,macro,4.6535,-12.0832,21.3901,5.651491365777095,
2026-04-01,SARIMA,macro,0.9109,-18.4036,20.2253,,
2026-05-01,SARIMA,macro,0.8245,-20.7623,22.4112,,
2026-06-01,SARIMA,macro,0.3947,-23.2415,24.0309,,
2026-07-01,SARIMA,macro,0.6147,-24.9069,26.1363,,
2026-08-01,SARIMA,macro,-0.664,-27.941,26.613,,
2026-09-01,SARIMA,macro,-0.3442,-29.2702,28.5819,,
2026-10-01,SARIMA,macro,1.0217,-29.4644,31.5077,,
2026-11-01,SARIMA,macro,0.4489,-31.5212,32.4189,,
2026-12-01,SARIMA,macro,0.3799,-33.0081,33.768,,
2026-01-01,Prophet,core,7.0898,-24.9076,37.5755,5.282426778242688,
2026-02-01,Prophet,core,6.8954,-25.1665,38.3675,5.282426778242688,
2026-03-01,Prophet,core,6.7407,-23.616,37.1115,5.651491365777095,
2026-04-01,Prophet,core,6.3543,-25.1903,34.33,,
2026-05-01,Prophet,core,6.6957,-26.2263,34.7857,,
2026-06-01,Prophet,core,6.6956,-23.5254,36.5647,,
2026-07-01,Prophet,core,6.4055,-23.1678,34.6851,,
2026-08-01,Prophet,core,6.4604,-24.0178,35.4702,,
2026-09-01,Prophet,core,6.639,-25.7081,36.2698,,
2026-10-01,Prophet,core,6.8803,-23.0109,38.0435,,
2026-11-01,Prophet,core,6.7951,-24.7615,36.474,,
2026-12-01,Prophet,core,6.7156,-24.2673,38.1651,,
2026-01-01,Prophet,macro,0.087,-24.0577,22.79,5.282426778242688,
2026-02-01,Prophet,macro,-3.9169,-29.3953,19.8123,5.282426778242688,
2026-03-01,Prophet,macro,3.2033,-21.2514,28.1829,5.651491365777095,
2026-04-01,Prophet,macro,4.9379,-16.7557,28.135,,
2026-05-01,Prophet,macro,3.0478,-20.9667,27.2424,,
2026-06-01,Prophet,macro,3.1516,-20.6746,26.4397,,
2026-07-01,Prophet,macro,15.3225,-9.1269,38.9078,,
2026-08-01,Prophet,macro,4.6505,-17.8699,27.7166,,
2026-09-01,Prophet,macro,5.7748,-16.5992,29.9931,,
2026-10-01,Prophet,macro,8.6178,-15.1075,29.5212,,
2026-11-01,Prophet,macro,4.7652,-18.244,27.4512,,
2026-12-01,Prophet,macro,4.702,-20.285,27.1731,,
2026-01-01,LSTM,core,5.9803,2.017,9.5285,5.282426778242688,electricity
2026-02-01,LSTM,core,5.446,0.4069,9.634,5.282426778242688,electricity
2026-03-01,LSTM,core,4.6016,0.4256,8.5065,5.651491365777095,electricity
2026-04-01,LSTM,core,3.9743,0.1172,8.0893,,electricity
2026-05-01,LSTM,core,3.9686,0.0767,7.8029,,electricity
2026-06-01,LSTM,core,3.7526,-0.8643,7.2785,,electricity
2026-07-01,LSTM,core,3.8822,-0.0052,7.403,,electricity
2026-08-01,LSTM,core,4.0775,0.1999,7.5487,,electricity
2026-09-01,LSTM,core,4.0156,0.1497,7.939,,electricity
2026-10-01,LSTM,core,3.7932,-0.5326,7.3162,,electricity
2026-11-01,LSTM,core,3.7205,-0.6992,6.8561,,electricity
2026-12-01,LSTM,core,3.5602,-0.4136,7.4458,,electricity
2026-01-01,LSTM,macro,2.688,-1.349,6.8431,5.282426778242688,electricity
2026-02-01,LSTM,macro,2.0491,-2.2673,5.9062,5.282426778242688,electricity
2026-03-01,LSTM,macro,0.6296,-4.2234,4.6233,5.651491365777095,electricity
2026-04-01,LSTM,macro,0.0564,-4.4778,3.8927,,electricity
2026-05-01,LSTM,macro,-0.4069,-4.8176,3.1715,,electricity
2026-06-01,LSTM,macro,-0.5018,-4.4597,2.8605,,electricity
2026-07-01,LSTM,macro,-0.793,-4.2503,2.4453,,electricity
2026-08-01,LSTM,macro,-0.7266,-5.3937,2.7753,,electricity
2026-09-01,LSTM,macro,-0.6666,-4.8241,2.8816,,electricity
2026-10-01,LSTM,macro,-0.6091,-4.7207,2.8801,,electricity
2026-11-01,LSTM,macro,-0.8432,-6.1329,2.9659,,electricity
2026-12-01,LSTM,macro,-0.9335,-5.1965,2.6153,,electricity
2026-01-01,TFT,core,6.1346,-5.0062,34.8509,5.282426778242688,
2026-02-01,TFT,core,5.5251,-6.1011,35.715,5.282426778242688,
2026-03-01,TFT,core,4.2661,-7.8848,35.8443,5.651491365777095,
2026-04-01,TFT,core,2.6719,-9.9497,35.3495,,
2026-05-01,TFT,core,2.301,-10.315,34.8596,,
2026-06-01,TFT,core,2.0618,-10.5188,34.4409,,
2026-07-01,TFT,core,1.944,-10.5781,34.1037,,
2026-08-01,TFT,core,2.17,-10.1857,33.8556,,
2026-09-01,TFT,core,2.2347,-9.9761,33.4768,,
2026-10-01,TFT,core,2.184,-9.8948,32.993,,
2026-11-01,TFT,core,1.7095,-10.3728,32.5074,,
2026-12-01,TFT,core,1.3985,-10.6528,32.1052,,
2026-01-01,TFT,macro,5.2127,0.1595,10.787,5.282426778242688,
2026-02-01,TFT,macro,4.7598,-0.1267,10.328,5.282426778242688,
2026-03-01,TFT,macro,3.8769,-0.6133,9.3328,5.651491365777095,
2026-04-01,TFT,macro,3.5421,-0.7024,8.8336,,
2026-05-01,TFT,macro,3.1538,-1.0043,8.359,,
2026-06-01,TFT,macro,3.2013,-0.9178,8.3575,,
2026-07-01,TFT,macro,2.94,-1.2274,8.1027,,
2026-08-01,TFT,macro,2.6448,-1.589,7.814,,
2026-09-01,TFT,macro,2.3697,-1.9188,7.5174,,
2026-10-01,TFT,macro,2.4055,-1.882,7.58,,
2026-11-01,TFT,macro,2.3305,-1.9375,7.4181,,
2026-12-01,TFT,macro,2.3694,-1.853,7.367,,
