scenario_id,scenario_name,scenario_group,method_family,source_mode,annual_mean_fes,annual_stress_state_historical,annual_stress_state_2017_relative,dominant_component,gas_component_mean,electricity_component_mean,carbon_component_mean,uncertainty_or_volatility_mean,interpretation_note
1,equal_core,forecasted,equal_weight,core,-0.92916,low,low_2017_relative,gas,-0.55509,-0.33585,0.11282,-0.15103,"Under the equal_core construction, 2017 UK macro energy-carbon stress is classified as low relative to the 2005-2016 baseline, and low relative to the other FES scenario constructions. The signal is primarily driven by the gas component. This is a macro-level signal-construction scenario, not a household-level predictor."
2,equal_macro,forecasted,equal_weight,macro,-0.46062,moderate_neutral,medium_2017_relative,gas,-0.45004,-0.24369,0.14987,0.08324,"Under the equal_macro construction, 2017 UK macro energy-carbon stress is classified as moderate_neutral relative to the 2005-2016 baseline, and medium relative to the other FES scenario constructions. The signal is primarily driven by the gas component. This is a macro-level signal-construction scenario, not a household-level predictor."
3,vw_core,forecasted,volatility_weighted,core,-0.32845,moderate_neutral,medium_2017_relative,gas,-0.55509,-0.33585,0.11282,-0.15103,"Under the vw_core construction, 2017 UK macro energy-carbon stress is classified as moderate_neutral relative to the 2005-2016 baseline, and medium relative to the other FES scenario constructions. The signal is primarily driven by the gas component. This is a macro-level signal-construction scenario, not a household-level predictor."
4,vw_macro,forecasted,volatility_weighted,macro,-0.2214,moderate_neutral,high_2017_relative,gas,-0.45004,-0.24369,0.14987,0.08324,"Under the vw_macro construction, 2017 UK macro energy-carbon stress is classified as moderate_neutral relative to the 2005-2016 baseline, and high relative to the other FES scenario constructions. The signal is primarily driven by the gas component. This is a macro-level signal-construction scenario, not a household-level predictor."
5,bayesian_core,forecasted,bayesian,core,-0.28121,moderate_neutral,high_2017_relative,gas,-0.55509,-0.33585,0.11282,-0.15103,"Under the bayesian_core construction, 2017 UK macro energy-carbon stress is classified as moderate_neutral relative to the 2005-2016 baseline, and high relative to the other FES scenario constructions. The signal is primarily driven by the gas component. This is a macro-level signal-construction scenario, not a household-level predictor."
6,bayesian_macro,forecasted,bayesian,macro,-0.19031,moderate_neutral,high_2017_relative,gas,-0.45004,-0.24369,0.14987,0.08324,"Under the bayesian_macro construction, 2017 UK macro energy-carbon stress is classified as moderate_neutral relative to the 2005-2016 baseline, and high relative to the other FES scenario constructions. The signal is primarily driven by the gas component. This is a macro-level signal-construction scenario, not a household-level predictor."
7,actual_A,actual,actual_benchmark,actual,-1.69531,low,low_2017_relative,realised_volatility,-0.59966,0.01151,0.15472,-1.26187,"Under the actual_A construction, 2017 UK macro energy-carbon stress is classified as low relative to the 2005-2016 baseline, and low relative to the other FES scenario constructions. The signal is primarily driven by the realised_volatility component. This is a macro-level signal-construction scenario, not a household-level predictor."
8,actual_B,actual,actual_benchmark,actual,-0.82732,low,medium_2017_relative,gas,-0.59966,0.01151,0.15472,-0.39388,"Under the actual_B construction, 2017 UK macro energy-carbon stress is classified as low relative to the 2005-2016 baseline, and medium relative to the other FES scenario constructions. The signal is primarily driven by the gas component. This is a macro-level signal-construction scenario, not a household-level predictor."
9,actual_C,actual,actual_benchmark,actual,-1.33596,low,low_2017_relative,realised_volatility,-0.59966,0.01151,0.15472,-0.90253,"Under the actual_C construction, 2017 UK macro energy-carbon stress is classified as low relative to the 2005-2016 baseline, and low relative to the other FES scenario constructions. The signal is primarily driven by the realised_volatility component. This is a macro-level signal-construction scenario, not a household-level predictor."
