variant,component,z_mean
core,gas_growth_pct,-0.20837
core,electricity_growth_pct,-0.35869
core,carbon_growth_pct,0.04342
core,uncertainty,1.51309
core,FES_TOTAL,0.98946
macro,gas_growth_pct,-0.08728
macro,electricity_growth_pct,-0.41618
macro,carbon_growth_pct,0.10274
macro,uncertainty,0.68934
macro,FES_TOTAL,0.28862
selected,gas_growth_pct,-0.20837
selected,electricity_growth_pct,-0.41618
selected,carbon_growth_pct,0.04342
selected,uncertainty,0.07994
selected,FES_TOTAL,-0.50118
weighted,gas_growth_pct,-0.33268
weighted,electricity_growth_pct,-0.46207
weighted,carbon_growth_pct,0.01273
weighted,uncertainty,0.07994
weighted,FES_TOTAL,-0.70207
actual,gas_growth_pct,-0.1939
actual,electricity_growth_pct,-0.41105
actual,carbon_growth_pct,0.03237
actual,real_vol,-0.57706
actual,FES_TOTAL,-1.14962
actual_prior_year,year,2024.0
actual_prior_year,FES_TOTAL,-2.69529
