date,fes_core,fes_macro,fes_actual,as_of_year,target_year,target_month
2010-01-01,-4.45579,-4.8492,-2.01847,2009,2010,1
2010-02-01,-4.45392,-4.85031,-1.93466,2009,2010,2
2010-03-01,-4.45088,-4.85256,-1.98405,2009,2010,3
2010-04-01,-4.45512,-4.87989,-2.03142,2009,2010,4
2010-05-01,-4.45116,-4.93161,-2.08445,2009,2010,5
2010-06-01,-4.467,-4.94196,-1.9847,2009,2010,6
2010-07-01,-4.45521,-4.9324,-2.08225,2009,2010,7
2010-08-01,-4.45812,-4.92095,-2.08925,2009,2010,8
2010-09-01,-4.45904,-4.93341,-1.98809,2009,2010,9
2010-10-01,-4.45233,-4.92406,-2.10064,2009,2010,10
2010-11-01,-4.45082,-4.93702,-2.00849,2009,2010,11
2010-12-01,-4.45474,-4.92003,-1.98598,2009,2010,12
2011-01-01,2.19597,0.16443,-2.22594,2010,2011,1
2011-02-01,2.18076,0.11177,-2.22938,2010,2011,2
2011-03-01,2.16379,0.09597,-2.11246,2010,2011,3
2011-04-01,2.14712,0.14772,-2.3816,2010,2011,4
2011-05-01,2.13613,0.11251,-2.32572,2010,2011,5
2011-06-01,2.12601,0.1759,-2.57421,2010,2011,6
2011-07-01,2.1155,-0.09467,-2.59795,2010,2011,7
2011-08-01,2.10236,0.05182,-2.62899,2010,2011,8
2011-09-01,2.08769,-0.00906,-1.16443,2010,2011,9
2011-10-01,2.07318,-0.34449,-0.70276,2010,2011,10
2011-11-01,2.057,-0.48889,-0.40416,2010,2011,11
2011-12-01,2.04239,0.08533,-1.1433,2010,2011,12
2012-01-01,0.15582,-0.14834,-0.82501,2011,2012,1
2012-02-01,0.56338,-0.2863,-1.44472,2011,2012,2
2012-03-01,1.05026,-0.4968,-1.69827,2011,2012,3
2012-04-01,1.34589,-0.50233,-1.81957,2011,2012,4
2012-05-01,1.73291,-0.52917,-1.79245,2011,2012,5
2012-06-01,2.05421,-0.37277,-1.86968,2011,2012,6
2012-07-01,2.401,-0.58645,-1.86378,2011,2012,7
2012-08-01,2.70183,-0.41996,-2.15388,2011,2012,8
2012-09-01,2.75367,-0.47506,-2.45357,2011,2012,9
2012-10-01,2.89863,-0.5462,-2.35875,2011,2012,10
2012-11-01,3.08447,-0.38966,-2.45531,2011,2012,11
2012-12-01,3.53881,-0.24182,-2.18938,2011,2012,12
2013-01-01,0.042,-0.18915,-2.72418,2012,2013,1
2013-02-01,0.50085,-0.34321,-2.26974,2012,2013,2
2013-03-01,0.85444,-0.19286,-1.98429,2012,2013,3
2013-04-01,1.0357,0.09459,-2.18852,2012,2013,4
2013-05-01,1.21618,0.22475,-2.04449,2012,2013,5
2013-06-01,1.36716,0.39186,-2.13374,2012,2013,6
2013-07-01,1.52779,0.94339,-1.97782,2012,2013,7
2013-08-01,1.74771,0.8409,-2.02429,2012,2013,8
2013-09-01,2.3721,1.55383,-1.97215,2012,2013,9
2013-10-01,2.56409,1.55001,-1.90801,2012,2013,10
2013-11-01,2.61277,1.50927,-2.04473,2012,2013,11
2013-12-01,2.52343,1.4176,-1.84021,2012,2013,12
2014-01-01,0.60359,0.03541,-0.81988,2013,2014,1
2014-02-01,0.84778,-0.25722,-1.01569,2013,2014,2
2014-03-01,1.08288,-0.2641,-1.42943,2013,2014,3
2014-04-01,1.26487,-0.44151,-0.88957,2013,2014,4
2014-05-01,1.45574,-0.54298,-1.20103,2013,2014,5
2014-06-01,1.5921,-0.43979,-1.12727,2013,2014,6
2014-07-01,1.73121,-0.48243,-1.11413,2013,2014,7
2014-08-01,1.85362,-0.7403,-1.13843,2013,2014,8
2014-09-01,2.0303,-0.62276,-1.33083,2013,2014,9
2014-10-01,2.09322,-0.55838,-1.19901,2013,2014,10
2014-11-01,2.21505,-0.6079,-0.99513,2013,2014,11
2014-12-01,2.30941,-0.7494,-1.38996,2013,2014,12
2015-01-01,-0.58259,-1.24322,-1.55246,2014,2015,1
2015-02-01,-0.27363,-0.89683,-1.84311,2014,2015,2
2015-03-01,-0.03446,-0.77475,-1.46366,2014,2015,3
2015-04-01,-0.0394,-0.65967,-1.53154,2014,2015,4
2015-05-01,0.27588,-0.34143,-1.47858,2014,2015,5
2015-06-01,0.42286,-0.24498,-1.61772,2014,2015,6
2015-07-01,0.60238,0.18836,-1.62518,2014,2015,7
2015-08-01,0.73743,0.24724,-1.63058,2014,2015,8
2015-09-01,1.10362,0.57831,-1.54441,2014,2015,9
2015-10-01,1.2012,0.72235,-1.57178,2014,2015,10
2015-11-01,1.2349,0.89982,-1.68854,2014,2015,11
2015-12-01,1.61797,1.31933,-1.76481,2014,2015,12
2016-01-01,-0.19065,-2.24902,-2.07292,2015,2016,1
2016-02-01,-0.30333,-2.29544,-2.28657,2015,2016,2
2016-03-01,-0.39243,-2.33851,-2.21289,2015,2016,3
2016-04-01,-0.49363,-2.29329,-2.10308,2015,2016,4
2016-05-01,-0.38113,-2.42611,-2.10645,2015,2016,5
2016-06-01,-0.48171,-2.3339,-2.45331,2015,2016,6
2016-07-01,-0.48791,-2.32875,-2.52673,2015,2016,7
2016-08-01,-0.56771,-2.26815,-2.54178,2015,2016,8
2016-09-01,-0.63264,-2.24242,-2.42704,2015,2016,9
2016-10-01,-0.5131,-2.23424,-2.30081,2015,2016,10
2016-11-01,-0.61437,-2.14887,-2.57489,2015,2016,11
2016-12-01,-0.53424,-2.19977,-2.13245,2015,2016,12
2017-01-01,1.93192,-0.55281,-1.84868,2016,2017,1
2017-02-01,1.9768,-0.51382,-1.64324,2016,2017,2
2017-03-01,2.02566,-0.32135,-1.71939,2016,2017,3
2017-04-01,2.07569,-0.24241,-1.74626,2016,2017,4
2017-05-01,2.11518,-0.19696,-1.03122,2016,2017,5
2017-06-01,2.14332,-0.14657,-0.77014,2016,2017,6
2017-07-01,2.17062,-0.08278,-0.50061,2016,2017,7
2017-08-01,2.206,-0.16619,-0.40145,2016,2017,8
2017-09-01,2.21156,-0.19081,-0.36539,2016,2017,9
2017-10-01,2.2193,-0.18924,-0.03029,2016,2017,10
2017-11-01,2.2152,-0.23577,0.16351,2016,2017,11
2017-12-01,2.22028,-0.37429,-0.03468,2016,2017,12
2018-01-01,-0.30825,0.09817,0.17123,2017,2018,1
2018-02-01,-0.26127,0.04577,0.25465,2017,2018,2
2018-03-01,-0.16435,0.0924,0.39081,2017,2018,3
2018-04-01,-0.02391,0.01861,0.20053,2017,2018,4
2018-05-01,0.01213,0.0008,-0.14647,2017,2018,5
2018-06-01,-0.02292,0.12817,0.04158,2017,2018,6
2018-07-01,0.09086,0.15154,0.20748,2017,2018,7
2018-08-01,0.06299,0.12867,0.26548,2017,2018,8
2018-09-01,0.12387,0.26121,0.34222,2017,2018,9
2018-10-01,0.2836,0.22511,-0.04285,2017,2018,10
2018-11-01,0.20846,0.27396,0.16334,2017,2018,11
2018-12-01,0.37687,0.27422,0.27646,2017,2018,12
2019-01-01,2.35857,0.93512,-0.56691,2018,2019,1
2019-02-01,2.27671,0.92646,-0.70217,2018,2019,2
2019-03-01,2.18927,0.87807,-1.03881,2018,2019,3
2019-04-01,2.09382,0.90778,0.69914,2018,2019,4
2019-05-01,2.01699,0.77921,0.59425,2018,2019,5
2019-06-01,1.91828,0.67046,0.06037,2018,2019,6
2019-07-01,1.83811,0.39418,-0.38802,2018,2019,7
2019-08-01,1.76475,0.22416,-0.57255,2018,2019,8
2019-09-01,1.70827,0.09975,-1.04929,2018,2019,9
2019-10-01,1.6586,-0.2126,-1.23009,2018,2019,10
2019-11-01,1.62143,-0.36783,-1.47362,2018,2019,11
2019-12-01,1.60528,-0.52637,-1.69468,2018,2019,12
2020-01-01,-0.74449,-1.06572,-0.85977,2019,2020,1
2020-02-01,-0.32798,-0.93715,-0.86366,2019,2020,2
2020-03-01,0.03455,-0.88356,-1.03127,2019,2020,3
2020-04-01,-0.36419,-1.11106,-2.5597,2019,2020,4
2020-05-01,-0.08253,-1.2192,-2.36329,2019,2020,5
2020-06-01,0.37674,-0.69264,-2.18507,2019,2020,6
2020-07-01,0.76013,-0.49212,-2.29313,2019,2020,7
2020-08-01,0.98209,-0.45397,-2.10439,2019,2020,8
2020-09-01,1.40523,-0.36313,-2.11753,2019,2020,9
2020-10-01,2.07244,-0.00288,-2.42743,2019,2020,10
2020-11-01,2.21173,0.06118,-2.15902,2019,2020,11
2020-12-01,2.34774,0.16275,-1.99009,2019,2020,12
2021-01-01,0.34813,-2.35342,-1.87757,2020,2021,1
2021-02-01,0.41625,-2.07729,-1.70301,2020,2021,2
2021-03-01,0.54141,-1.82696,-1.19652,2020,2021,3
2021-04-01,0.63966,-1.25989,-0.33166,2020,2021,4
2021-05-01,0.62642,-0.86958,-0.36333,2020,2021,5
2021-06-01,0.64523,0.30158,-0.52776,2020,2021,6
2021-07-01,0.72474,0.54548,-0.54406,2020,2021,7
2021-08-01,0.72203,0.96849,-0.48872,2020,2021,8
2021-09-01,0.76816,1.51132,-0.38403,2020,2021,9
2021-10-01,0.85004,2.35699,3.36928,2020,2021,10
2021-11-01,0.82521,2.41092,3.36363,2020,2021,11
2021-12-01,0.86871,2.90648,3.36898,2020,2021,12
2022-01-01,2.93811,3.67821,3.447,2021,2022,1
2022-02-01,3.50654,4.17452,3.4731,2021,2022,2
2022-03-01,3.83632,4.88628,3.49881,2021,2022,3
2022-04-01,3.4771,4.95529,17.31089,2021,2022,4
2022-05-01,3.48368,4.45012,17.31863,2021,2022,5
2022-06-01,3.39509,4.8176,17.32021,2021,2022,6
2022-07-01,3.22174,4.74122,17.40881,2021,2022,7
2022-08-01,3.04614,4.96315,17.42245,2021,2022,8
2022-09-01,2.92174,5.03165,17.44717,2021,2022,9
2022-10-01,1.95907,3.93548,23.24891,2021,2022,10
2022-11-01,1.73379,3.73307,23.21332,2021,2022,11
2022-12-01,1.55733,3.74115,23.22848,2021,2022,12
2023-01-01,6.8235,5.12766,12.63504,2022,2023,1
2023-02-01,6.87282,4.98685,12.62654,2022,2023,2
2023-03-01,6.87588,4.63887,12.62487,2022,2023,3
2023-04-01,6.8389,4.06001,1.44816,2022,2023,4
2023-05-01,6.69831,2.97235,1.44943,2022,2023,5
2023-06-01,6.49755,2.26858,1.44884,2022,2023,6
2023-07-01,6.2204,1.40074,-1.25492,2022,2023,7
2023-08-01,5.84886,0.47837,-1.28802,2022,2023,8
2023-09-01,5.384,-0.31567,-1.13433,2022,2023,9
2023-10-01,4.84201,-0.9233,-2.71948,2022,2023,10
2023-11-01,4.10736,-1.14684,-2.94352,2022,2023,11
2023-12-01,3.30023,-1.22261,-2.72908,2022,2023,12
2024-01-01,-2.50074,-2.4437,-2.87364,2023,2024,1
2024-02-01,-2.36308,-2.43671,-3.12693,2023,2024,2
2024-03-01,-2.20983,-2.39657,-2.94808,2023,2024,3
2024-04-01,-1.96381,-2.32615,-3.13862,2023,2024,4
2024-05-01,-1.76027,-2.31019,-2.94328,2023,2024,5
2024-06-01,-1.50142,-2.24606,-3.20199,2023,2024,6
2024-07-01,-1.2408,-2.12573,-2.7283,2023,2024,7
2024-08-01,-1.01254,-2.03392,-2.69802,2023,2024,8
2024-09-01,-0.8302,-1.81122,-2.704,2023,2024,9
2024-10-01,-0.62067,-1.68714,-2.11575,2023,2024,10
2024-11-01,-0.48238,-1.57938,-1.89586,2023,2024,11
2024-12-01,-0.40367,-1.44571,-1.96903,2023,2024,12
2025-01-01,0.23359,-1.31151,-1.58508,2024,2025,1
2025-02-01,0.4655,-1.12385,-1.63124,2024,2025,2
2025-03-01,0.62226,-1.02469,-1.79162,2024,2025,3
2025-04-01,0.68789,-0.93483,-0.97363,2024,2025,4
2025-05-01,0.7385,-0.88879,-0.97511,2024,2025,5
2025-06-01,0.98726,-0.85346,-0.92285,2024,2025,6
2025-07-01,0.9745,-0.8651,-0.83712,2024,2025,7
2025-08-01,1.01752,-0.85174,-0.84036,2024,2025,8
2025-09-01,1.14326,-0.84763,-0.79238,2024,2025,9
2025-10-01,1.18054,-0.85452,-1.14723,2024,2025,10
2025-11-01,1.22488,-0.84177,-1.1352,2024,2025,11
2025-12-01,1.303,-0.83683,-1.16368,2024,2025,12
2026-01-01,0.56354,0.73428,-1.33931,2025,2026,1
2026-02-01,0.65193,0.76523,-1.31409,2025,2026,2
2026-03-01,0.64381,0.76685,-1.21542,2025,2026,3
2026-04-01,0.6733,0.78794,0.0,2025,2026,4
2026-05-01,0.65895,0.72785,0.0,2025,2026,5
2026-06-01,0.6064,0.7088,0.0,2025,2026,6
2026-07-01,0.60562,0.66635,0.0,2025,2026,7
2026-08-01,0.60466,0.60968,0.0,2025,2026,8
2026-09-01,0.58439,0.5632,0.0,2025,2026,9
2026-10-01,0.56274,0.5396,0.0,2025,2026,10
2026-11-01,0.57096,0.52754,0.0,2025,2026,11
2026-12-01,0.62792,0.52516,0.0,2025,2026,12
