variable,pct_missing
inoutflows2,96.85702577527778
inoutflows4,96.85702577527778
inoutflows3,96.85702577527778
sf1_good,56.68350034345417
hsval,37.33243710956041
carval,34.847479812854324
high_fuel_vulnerable,24.727816250541714
fuel_to_income_ratio,24.727816250541714
total_fuel_spend,24.10576619762324
qfhigh_band,11.411522961312025
jbstat_security,0.9596080200235259
health_good,0.8086650687940188
fiyrinvinc_dv,0.6839602477587036
tenure_security,0.6170382752409338
bill_security,0.4734655853019301
heatch_good,0.41981008310706636
financial_strain_score,0.07399742335665284
fihhmnnet1_dv,0.004422156774301963
