as_of_year,target_year,series,mode,model,RMSE,forecast_actual_RMSE
2009,2010,carbon,core,LSTM,112.51009435850241,38.74420858580198
2009,2010,electricity,core,Prophet,13.892511631333155,7.02941778279211
2009,2010,gas,core,LSTM,18.057605001865618,2.2979209786602035
2010,2011,carbon,core,LSTM,27.779599871044077,36.42202753514782
2010,2011,electricity,core,LSTM,4.32184428113431,8.660915134044057
2010,2011,gas,core,LSTM,1.624502705645112,18.689409185998006
2011,2012,carbon,core,TFT,26.216035758777284,45.07063338574328
2011,2012,electricity,core,LSTM,8.95630475872191,6.603456339956583
2011,2012,gas,core,LSTM,17.48264724604146,5.555644991957879
2012,2013,carbon,core,LSTM,21.79633665130913,54.37830461050651
2012,2013,electricity,core,LSTM,5.158596887069687,7.2308177475543935
2012,2013,gas,core,LSTM,7.293359118588391,11.39582460106917
2013,2014,carbon,core,LSTM,28.010428605495896,58.03599620207092
2013,2014,electricity,core,TFT,2.0210314435855667,2.024461145059377
2013,2014,gas,core,LSTM,0.9349682232001336,3.4703636143541696
2014,2015,carbon,core,LSTM,32.756404557554106,10.557117271700404
2014,2015,electricity,core,LSTM,2.134542885445777,4.45573905142063
2014,2015,gas,core,LSTM,3.077238172334652,10.620702195319604
2015,2016,carbon,core,LSTM,14.509979436900942,52.35407889543268
2015,2016,electricity,core,Prophet,0.951284185487094,1.2780743079844363
2015,2016,gas,core,SARIMA,2.997784565781188,3.72572399038093
2016,2017,carbon,core,LSTM,33.74503084499657,67.82627018546596
2016,2017,electricity,core,Prophet,0.4241105084022669,9.561827908579469
2016,2017,gas,core,LSTM,1.1281890837341881,4.030857847282635
2017,2018,carbon,core,Prophet,24.621268105176256,100.08838652435955
2017,2018,electricity,core,SARIMA,5.647677065244364,2.9022317613268136
2017,2018,gas,core,LSTM,3.787986330678634,2.496387038134645
2018,2019,carbon,core,LSTM,24.187577745936508,43.28702295266944
2018,2019,electricity,core,LSTM,2.3484382113461266,4.125734088790055
2018,2019,gas,core,TFT,4.080628412548349,5.58157995933947
2019,2020,carbon,core,LSTM,19.635818058106913,17.661191477357825
2019,2020,electricity,core,SARIMA,3.8074344129962268,9.127140745974259
2019,2020,gas,core,LSTM,5.890179325112325,8.651072798117776
2020,2021,carbon,core,LSTM,14.610771245062898,36.68275272949037
2020,2021,electricity,core,Prophet,5.43274167673321,11.2792495300932
2020,2021,gas,core,Prophet,6.442081045473626,24.36083056886608
2021,2022,carbon,core,LSTM,29.398870136218314,32.14800236334059
2021,2022,electricity,core,LSTM,6.492450317838866,41.5191075588678
2021,2022,gas,core,LSTM,14.124222742059176,84.1400799431668
2022,2023,carbon,core,LSTM,12.805495769345441,13.317805304486392
2022,2023,electricity,core,LSTM,11.181547187905446,18.454236741545618
2022,2023,gas,core,LSTM,22.676171163010903,34.2905187827238
2023,2024,carbon,core,LSTM,12.388938649585619,31.715534830557985
2023,2024,electricity,core,LSTM,15.755396209214993,25.23707274967295
2023,2024,gas,core,LSTM,24.301848368096497,20.028782342065462
2024,2025,carbon,core,LSTM,15.864363643056373,12.09495972528015
2024,2025,electricity,core,LSTM,8.885480608874694,6.800214967778307
2024,2025,gas,core,LSTM,8.196489645461819,7.600858346375539
