dimension,window,subset,n_categories,spearman_rho,pearson_r,two_group_same_direction
region,primary,all,12,-0.0952417984616157,-0.2631379834791389,
region,primary,excl. Northern Ireland,11,0.1793221910499641,0.0820700245411743,
region,sensitivity,all,12,-0.0952417984616157,-0.3060634925808747,
region,sensitivity,excl. Northern Ireland,11,0.1793221910499641,0.1080360028472719,
ethnicity,primary,all,6,0.2571428571428572,0.052444524996307,
ethnicity,sensitivity,all,6,0.1428571428571428,-0.0554315610646224,
tenure,primary,all,4,0.7999999999999999,0.5837933854584975,
disability,primary,all,2,,,True
family_type,primary,all,2,,,True
work_status,primary,all,2,,,True
