dimension,window,ukhls_window,category,jrf_pct,jrf_rank,n,pct,ci_low,ci_high,rank,rank_ci_low,rank_ci_high,p_rank1,suppressed
region,primary,2021-04 to 2023-03,North East,21,5,1047,8.771414800905774,6.507962501337137,11.316179498205164,7,3,12,0.001,False
region,primary,2021-04 to 2023-03,North West,25,2,2757,7.936576957652907,6.579982804106217,9.37601298414001,9,6,12,0.0,False
region,primary,2021-04 to 2023-03,Yorkshire and the Humber,23,4,2367,9.473005198649913,7.749288123230751,11.32325131714117,6,3,10,0.0,False
region,primary,2021-04 to 2023-03,East Midlands,20,8,1996,10.510026075721715,8.571526082957128,12.457588336933865,5,2,8,0.0035,False
region,primary,2021-04 to 2023-03,West Midlands,27,1,2203,10.595171443188258,8.550900264846321,12.591213837413964,4,2,8,0.0045,False
region,primary,2021-04 to 2023-03,East of England,18,11,2377,8.614119316286024,7.151637031526888,10.082025579829052,8,5,11,0.0,False
region,primary,2021-04 to 2023-03,London,24,3,2676,6.691766798213614,5.042707739343007,8.663714134504977,12,8,12,0.0,False
region,primary,2021-04 to 2023-03,South East,19,9,3433,7.406544917397766,6.159331094710204,8.737391130766401,11,7,12,0.0,False
region,primary,2021-04 to 2023-03,South West,19,9,2343,7.784934034927347,6.421758251142561,9.311462845770844,10,6,12,0.0,False
region,primary,2021-04 to 2023-03,Wales,21,5,1691,11.387188602343304,9.360825986017616,13.606225482740468,2,1,6,0.027,False
region,primary,2021-04 to 2023-03,Scotland,21,5,2677,11.217987029850448,9.393311992499207,13.186340769916933,3,2,6,0.018,False
region,primary,2021-04 to 2023-03,Northern Ireland,17,12,1562,14.421603503329077,12.092965314155148,16.96190973158732,1,1,2,0.946,False
region,sensitivity,2020-04 to 2023-03,North East,21,5,1607,8.058585641408351,6.333830454684577,10.052040415178022,7,3,11,0.0,False
region,sensitivity,2020-04 to 2023-03,North West,25,2,4189,7.093538505323274,6.0796181968693705,8.181270584075202,9,6,12,0.0,False
region,sensitivity,2020-04 to 2023-03,Yorkshire and the Humber,23,4,3614,8.379358280382453,7.036274300054312,9.825234079306533,6,3,9,0.0,False
region,sensitivity,2020-04 to 2023-03,East Midlands,20,8,3094,9.226207512544267,7.5830532702545295,10.97977331012991,5,2,8,0.0,False
region,sensitivity,2020-04 to 2023-03,West Midlands,27,1,3438,9.352335546427675,7.910583563301563,10.82304408732073,4,2,7,0.0,False
region,sensitivity,2020-04 to 2023-03,East of England,18,11,3635,7.717847255248011,6.434214139410847,9.137613633577299,8,4,11,0.0,False
region,sensitivity,2020-04 to 2023-03,London,24,3,4311,6.28780885596724,4.767604160097903,8.046267233667333,12,7,12,0.0,False
region,sensitivity,2020-04 to 2023-03,South East,19,9,5235,6.463744262373987,5.554505187110092,7.469775521419152,11,8,12,0.0,False
region,sensitivity,2020-04 to 2023-03,South West,19,9,3596,6.992799543289113,5.859337349058274,8.164557867315503,10,6,12,0.0,False
region,sensitivity,2020-04 to 2023-03,Wales,21,5,2643,9.424420911351774,7.8554973292825165,11.124889746334265,3,2,7,0.0,False
region,sensitivity,2020-04 to 2023-03,Scotland,21,5,4017,10.253226644434784,8.874388433160604,11.763162155734493,2,2,5,0.0015,False
region,sensitivity,2020-04 to 2023-03,Northern Ireland,17,12,2305,14.173289808186732,12.08877557020296,16.399484843359122,1,1,1,0.9985,False
ethnicity,primary,2021-04 to 2023-03,White,19,6,21646,9.264158713969694,8.704095229264997,9.835646320784393,5,3,6,0.0,False
ethnicity,primary,2021-04 to 2023-03,Pakistani,49,2,459,12.483947728770854,8.248796517197126,17.40229197899158,2,1,5,0.108,False
ethnicity,primary,2021-04 to 2023-03,Bangladeshi,56,1,223,11.261191694251725,4.600062097660529,18.605806372433168,3,1,6,0.0795,False
ethnicity,primary,2021-04 to 2023-03,Black African,40,3,380,11.061932684138016,7.207114548183788,15.657293583238163,4,1,6,0.0335,False
ethnicity,primary,2021-04 to 2023-03,Black Caribbean,30,5,445,17.849422617916318,10.199004644268978,26.5804420322979,1,1,4,0.77,False
ethnicity,primary,2021-04 to 2023-03,Any other Asian background,34,4,158,7.80087808307471,3.0329997856763433,14.00072632637408,6,2,6,0.009,False
ethnicity,sensitivity,2020-04 to 2023-03,White,19,6,33189,8.245552483704715,7.780169795596632,8.709284408246353,5,3,6,0.0,False
ethnicity,sensitivity,2020-04 to 2023-03,Pakistani,49,2,733,11.053491701720475,7.491761714829489,15.029177255737064,2,1,5,0.084,False
ethnicity,sensitivity,2020-04 to 2023-03,Bangladeshi,56,1,362,8.994633379142085,4.452514419163978,14.129253022298258,4,1,6,0.0295,False
ethnicity,sensitivity,2020-04 to 2023-03,Black African,40,3,627,10.203043060443177,7.093174054911624,13.826612557587227,3,1,5,0.0365,False
ethnicity,sensitivity,2020-04 to 2023-03,Black Caribbean,30,5,743,16.976545292085078,10.207192055821674,25.236650308792118,1,1,3,0.848,False
ethnicity,sensitivity,2020-04 to 2023-03,Any other Asian background,34,4,261,6.250994843527454,2.7375352694374504,10.603420669130697,6,3,6,0.002,False
tenure,primary,2022-04 to 2023-03,Owned outright,14,3,5753,13.846269932630639,12.701210650502654,14.969499816136224,2,1,2,0.348,False
tenure,primary,2022-04 to 2023-03,Buying with mortgage,10,4,4602,5.929897684004479,5.0914142967262075,6.7915129565450405,4,4,4,0.0,False
tenure,primary,2022-04 to 2023-03,Social renting,44,1,2035,14.27968876544327,12.154683547210029,16.46411272025617,1,1,2,0.6485,False
tenure,primary,2022-04 to 2023-03,Private renting,35,2,1667,11.41429686794789,9.417378468641067,13.450828426757587,3,2,3,0.0035,False
disability,primary,2022-04 to 2023-03,No disabled adult,19,2,9071,9.525291789200331,8.791141103132126,10.360019014623475,2,2,2,0.0,False
disability,primary,2022-04 to 2023-03,Contains disabled adult,29,1,4797,14.313011657667392,13.038455084375702,15.6405993510964,1,1,1,1.0,False
family_type,primary,2022-04 to 2023-03,Lone parent,44,1,584,20.846852747448832,16.7557379447293,25.12219341718972,1,1,1,1.0,False
family_type,primary,2022-04 to 2023-03,Couple with children,25,2,2317,7.796137787044741,6.361190032797761,9.396389335885242,2,2,2,0.0,False
work_status,primary,2022-04 to 2023-03,Not in work,54,1,1656,22.460538575243277,19.61813568973681,25.317480038677118,1,1,1,1.0,False
work_status,primary,2022-04 to 2023-03,In work,15,2,8178,7.014295804299496,6.316158061220052,7.729158738213679,2,2,2,0.0,False
