series,mode,step,month,date,feature,attribution
electricity,macro,1,1,2017-01-01,electricity_growth,0.000872
electricity,macro,1,1,2017-01-01,inflation_growth_lag1,-0.000968
electricity,macro,1,1,2017-01-01,weather_volatility_lag1,0.001873
electricity,macro,1,1,2017-01-01,gdp_growth_lag1,7.3e-05
electricity,macro,1,1,2017-01-01,gas_futures_log_return_lag1,0.001375
electricity,macro,1,1,2017-01-01,gas_futures_yoy_growth_lag1,-2e-06
electricity,macro,1,1,2017-01-01,electricity_growth_lag12,0.000412
electricity,macro,1,1,2017-01-01,post_2016_electricity_regime,0.000566
electricity,macro,2,2,2017-02-01,electricity_growth,0.00077
electricity,macro,2,2,2017-02-01,inflation_growth_lag1,-0.000804
electricity,macro,2,2,2017-02-01,weather_volatility_lag1,0.001753
electricity,macro,2,2,2017-02-01,gdp_growth_lag1,6.3e-05
electricity,macro,2,2,2017-02-01,gas_futures_log_return_lag1,0.001311
electricity,macro,2,2,2017-02-01,gas_futures_yoy_growth_lag1,0.000767
electricity,macro,2,2,2017-02-01,electricity_growth_lag12,0.000337
electricity,macro,2,2,2017-02-01,post_2016_electricity_regime,0.000507
electricity,macro,3,3,2017-03-01,electricity_growth,0.000637
electricity,macro,3,3,2017-03-01,inflation_growth_lag1,-0.000629
electricity,macro,3,3,2017-03-01,weather_volatility_lag1,0.001549
electricity,macro,3,3,2017-03-01,gdp_growth_lag1,4.3e-05
electricity,macro,3,3,2017-03-01,gas_futures_log_return_lag1,0.001133
electricity,macro,3,3,2017-03-01,gas_futures_yoy_growth_lag1,0.001139
electricity,macro,3,3,2017-03-01,electricity_growth_lag12,0.000252
electricity,macro,3,3,2017-03-01,post_2016_electricity_regime,0.000438
electricity,macro,4,4,2017-04-01,electricity_growth,0.000503
electricity,macro,4,4,2017-04-01,inflation_growth_lag1,-0.00047
electricity,macro,4,4,2017-04-01,weather_volatility_lag1,0.001305
electricity,macro,4,4,2017-04-01,gdp_growth_lag1,5.1e-05
electricity,macro,4,4,2017-04-01,gas_futures_log_return_lag1,0.000937
electricity,macro,4,4,2017-04-01,gas_futures_yoy_growth_lag1,0.001264
electricity,macro,4,4,2017-04-01,electricity_growth_lag12,0.000178
electricity,macro,4,4,2017-04-01,post_2016_electricity_regime,0.00036
electricity,macro,5,5,2017-05-01,electricity_growth,0.000382
electricity,macro,5,5,2017-05-01,inflation_growth_lag1,-0.000339
electricity,macro,5,5,2017-05-01,weather_volatility_lag1,0.001046
electricity,macro,5,5,2017-05-01,gdp_growth_lag1,1.7e-05
electricity,macro,5,5,2017-05-01,gas_futures_log_return_lag1,0.000745
electricity,macro,5,5,2017-05-01,gas_futures_yoy_growth_lag1,0.001232
electricity,macro,5,5,2017-05-01,electricity_growth_lag12,0.000119
electricity,macro,5,5,2017-05-01,post_2016_electricity_regime,0.000281
electricity,macro,6,6,2017-06-01,electricity_growth,0.000281
electricity,macro,6,6,2017-06-01,inflation_growth_lag1,-0.000235
electricity,macro,6,6,2017-06-01,weather_volatility_lag1,0.000796
electricity,macro,6,6,2017-06-01,gdp_growth_lag1,4.9e-05
electricity,macro,6,6,2017-06-01,gas_futures_log_return_lag1,0.00055
electricity,macro,6,6,2017-06-01,gas_futures_yoy_growth_lag1,0.001102
electricity,macro,6,6,2017-06-01,electricity_growth_lag12,7.7e-05
electricity,macro,6,6,2017-06-01,post_2016_electricity_regime,0.000211
electricity,macro,7,7,2017-07-01,electricity_growth,0.000198
electricity,macro,7,7,2017-07-01,inflation_growth_lag1,-0.000156
electricity,macro,7,7,2017-07-01,weather_volatility_lag1,0.000579
electricity,macro,7,7,2017-07-01,gdp_growth_lag1,7e-06
electricity,macro,7,7,2017-07-01,gas_futures_log_return_lag1,0.000376
electricity,macro,7,7,2017-07-01,gas_futures_yoy_growth_lag1,0.000923
electricity,macro,7,7,2017-07-01,electricity_growth_lag12,4.5e-05
electricity,macro,7,7,2017-07-01,post_2016_electricity_regime,0.00015
electricity,macro,8,8,2017-08-01,electricity_growth,0.000134
electricity,macro,8,8,2017-08-01,inflation_growth_lag1,-9.8e-05
electricity,macro,8,8,2017-08-01,weather_volatility_lag1,0.000401
electricity,macro,8,8,2017-08-01,gdp_growth_lag1,4e-06
electricity,macro,8,8,2017-08-01,gas_futures_log_return_lag1,0.000202
electricity,macro,8,8,2017-08-01,gas_futures_yoy_growth_lag1,0.000717
electricity,macro,8,8,2017-08-01,electricity_growth_lag12,2.4e-05
electricity,macro,8,8,2017-08-01,post_2016_electricity_regime,0.000105
electricity,macro,9,9,2017-09-01,electricity_growth,8.7e-05
electricity,macro,9,9,2017-09-01,inflation_growth_lag1,-5.8e-05
electricity,macro,9,9,2017-09-01,weather_volatility_lag1,0.000267
electricity,macro,9,9,2017-09-01,gdp_growth_lag1,-2e-06
electricity,macro,9,9,2017-09-01,gas_futures_log_return_lag1,0.000139
electricity,macro,9,9,2017-09-01,gas_futures_yoy_growth_lag1,0.000534
electricity,macro,9,9,2017-09-01,electricity_growth_lag12,1.3e-05
electricity,macro,9,9,2017-09-01,post_2016_electricity_regime,6.7e-05
electricity,macro,10,10,2017-10-01,electricity_growth,5.2e-05
electricity,macro,10,10,2017-10-01,inflation_growth_lag1,-3.2e-05
electricity,macro,10,10,2017-10-01,weather_volatility_lag1,0.000167
electricity,macro,10,10,2017-10-01,gdp_growth_lag1,-2e-06
electricity,macro,10,10,2017-10-01,gas_futures_log_return_lag1,0.000132
electricity,macro,10,10,2017-10-01,gas_futures_yoy_growth_lag1,0.000408
electricity,macro,10,10,2017-10-01,electricity_growth_lag12,6e-06
electricity,macro,10,10,2017-10-01,post_2016_electricity_regime,3.8e-05
electricity,macro,11,11,2017-11-01,electricity_growth,2.8e-05
electricity,macro,11,11,2017-11-01,inflation_growth_lag1,-1.5e-05
electricity,macro,11,11,2017-11-01,weather_volatility_lag1,9.6e-05
electricity,macro,11,11,2017-11-01,gdp_growth_lag1,1.5e-05
electricity,macro,11,11,2017-11-01,gas_futures_log_return_lag1,3.9e-05
electricity,macro,11,11,2017-11-01,gas_futures_yoy_growth_lag1,0.000263
electricity,macro,11,11,2017-11-01,electricity_growth_lag12,2e-06
electricity,macro,11,11,2017-11-01,post_2016_electricity_regime,2.2e-05
electricity,macro,12,12,2017-12-01,electricity_growth,1.1e-05
electricity,macro,12,12,2017-12-01,inflation_growth_lag1,-5e-06
electricity,macro,12,12,2017-12-01,weather_volatility_lag1,4.4e-05
electricity,macro,12,12,2017-12-01,gdp_growth_lag1,-1.4e-05
electricity,macro,12,12,2017-12-01,gas_futures_log_return_lag1,-1.4e-05
electricity,macro,12,12,2017-12-01,gas_futures_yoy_growth_lag1,0.000101
electricity,macro,12,12,2017-12-01,electricity_growth_lag12,-0.0
electricity,macro,12,12,2017-12-01,post_2016_electricity_regime,1e-05
