series,mode,month,date,feature,attribution
electricity,core,1,2017-01-01,electricity_growth,-0.03637
electricity,core,2,2017-02-01,electricity_growth,-0.033067
electricity,core,3,2017-03-01,electricity_growth,0.000478
electricity,core,4,2017-04-01,electricity_growth,0.019582
electricity,core,5,2017-05-01,electricity_growth,0.024869
electricity,core,6,2017-06-01,electricity_growth,0.020643
electricity,core,7,2017-07-01,electricity_growth,0.013793
electricity,core,8,2017-08-01,electricity_growth,0.008357
electricity,core,9,2017-09-01,electricity_growth,0.005339
electricity,core,10,2017-10-01,electricity_growth,0.003926
electricity,core,11,2017-11-01,electricity_growth,0.002839
electricity,core,12,2017-12-01,electricity_growth,0.00144
